GROUP,PACKAGE,CLASS,INSTRUCTION_MISSED,INSTRUCTION_COVERED,BRANCH_MISSED,BRANCH_COVERED,LINE_MISSED,LINE_COVERED,COMPLEXITY_MISSED,COMPLEXITY_COVERED,METHOD_MISSED,METHOD_COVERED
Opencast :: jacoco-reports/opencast-admin-service,org.opencastproject.adminui.tobira,TobiraException,28,0,0,0,12,0,3,0,3,0
Opencast :: jacoco-reports/opencast-admin-service,org.opencastproject.adminui.tobira,TobiraService,209,0,10,0,55,0,21,0,16,0
Opencast :: jacoco-reports/opencast-admin-service,org.opencastproject.adminui.userdirectory,UIRolesRoleProvider,121,0,8,0,31,0,15,0,11,0
Opencast :: jacoco-reports/opencast-admin-service,org.opencastproject.adminui.util,TextFilter,41,0,6,0,5,0,4,0,1,0
Opencast :: jacoco-reports/opencast-admin-service,org.opencastproject.adminui.util,BulkUpdateUtil.InternalDuration,0,72,0,0,0,14,0,4,0,4
Opencast :: jacoco-reports/opencast-admin-service,org.opencastproject.adminui.util,BulkUpdateUtil,30,380,9,25,6,84,11,15,2,7
Opencast :: jacoco-reports/opencast-admin-service,org.opencastproject.adminui.util,ClassPathInspector,34,0,2,0,12,0,5,0,4,0
Opencast :: jacoco-reports/opencast-admin-service,org.opencastproject.adminui.util,BulkUpdateUtil.BulkUpdateInstructions,0,63,0,2,0,15,0,3,0,2
Opencast :: jacoco-reports/opencast-admin-service,org.opencastproject.adminui.util,BulkUpdateUtil.BulkUpdateInstructionGroup,0,21,0,0,0,8,0,4,0,4
Opencast :: jacoco-reports/opencast-admin-service,org.opencastproject.adminui.impl,ProviderQuery,147,0,10,0,47,0,19,0,14,0
Opencast :: jacoco-reports/opencast-admin-service,org.opencastproject.adminui.impl,RawProviderQuery,18,0,0,0,7,0,6,0,6,0
Opencast :: jacoco-reports/opencast-admin-service,org.opencastproject.adminui.impl,AdminUIConfiguration,5,68,1,1,2,16,2,5,1,5
Opencast :: jacoco-reports/opencast-admin-service,org.opencastproject.adminui.endpoint,GroupsEndpoint,414,0,14,0,98,0,23,0,16,0
Opencast :: jacoco-reports/opencast-admin-service,org.opencastproject.adminui.endpoint,JobEndpoint.JobComparator,49,86,8,10,13,33,7,8,0,2
Opencast :: jacoco-reports/opencast-admin-service,org.opencastproject.adminui.endpoint,ServicesEndpoint.Service,85,142,1,1,14,28,3,13,2,13
Opencast :: jacoco-reports/opencast-admin-service,org.opencastproject.adminui.endpoint,EndpointUtil,93,175,12,16,19,34,8,9,0,3
Opencast :: jacoco-reports/opencast-admin-service,org.opencastproject.adminui.endpoint,JobEndpoint,308,441,41,31,61,102,29,23,2,14
Opencast :: jacoco-reports/opencast-admin-service,org.opencastproject.adminui.endpoint,ServicesEndpoint,30,258,11,43,6,62,9,25,0,7
Opencast :: jacoco-reports/opencast-admin-service,org.opencastproject.adminui.endpoint,ServerEndpoint.CachedServer,0,3,0,0,0,1,0,1,0,1
Opencast :: jacoco-reports/opencast-admin-service,org.opencastproject.adminui.endpoint,CaptureAgentsEndpoint,214,224,36,18,40,49,26,11,4,6
Opencast :: jacoco-reports/opencast-admin-service,org.opencastproject.adminui.endpoint,ServerEndpoint.Status,0,21,0,0,0,2,0,1,0,1
Opencast :: jacoco-reports/opencast-admin-service,org.opencastproject.adminui.endpoint,AbstractEventEndpoint,3742,3761,369,223,816,788,273,136,36,67
Opencast :: jacoco-reports/opencast-admin-service,org.opencastproject.adminui.endpoint,ListProvidersEndpoint,253,69,28,0,61,22,19,5,5,5
Opencast :: jacoco-reports/opencast-admin-service,org.opencastproject.adminui.endpoint,AclEndpoint.new Comparator() {...},54,0,6,0,10,0,5,0,2,0
Opencast :: jacoco-reports/opencast-admin-service,org.opencastproject.adminui.endpoint,VersionEndpoint,134,0,8,0,32,0,9,0,5,0
Opencast :: jacoco-reports/opencast-admin-service,org.opencastproject.adminui.endpoint,ServerEndpoint.Server,0,3,0,0,0,1,0,1,0,1
Opencast :: jacoco-reports/opencast-admin-service,org.opencastproject.adminui.endpoint,UsersEndpoint.JsonRole,7,10,0,0,2,4,2,1,2,1
Opencast :: jacoco-reports/opencast-admin-service,org.opencastproject.adminui.endpoint,ServerEndpoint.Sort,0,45,0,0,0,2,0,1,0,1
Opencast :: jacoco-reports/opencast-admin-service,org.opencastproject.adminui.endpoint,CaptureAgentsEndpoint.new Comparator() {...},41,45,8,4,9,7,6,3,0,2
Opencast :: jacoco-reports/opencast-admin-service,org.opencastproject.adminui.endpoint,ThemesEndpoint,198,811,34,42,63,187,35,25,1,21
Opencast :: jacoco-reports/opencast-admin-service,org.opencastproject.adminui.endpoint,UsersEndpoint,765,245,76,16,168,58,56,13,12,9
Opencast :: jacoco-reports/opencast-admin-service,org.opencastproject.adminui.endpoint,JobEndpoint.JobExtended,0,15,0,0,0,6,0,3,0,3
Opencast :: jacoco-reports/opencast-admin-service,org.opencastproject.adminui.endpoint,StatisticsEndpoint,465,0,34,0,121,0,41,0,23,0
Opencast :: jacoco-reports/opencast-admin-service,org.opencastproject.adminui.endpoint,TasksEndpoint,16,216,1,13,5,57,1,14,0,8
Opencast :: jacoco-reports/opencast-admin-service,org.opencastproject.adminui.endpoint,ServicesEndpoint.ServiceStatisticsComparator,23,151,3,26,4,38,3,17,0,2
Opencast :: jacoco-reports/opencast-admin-service,org.opencastproject.adminui.endpoint,SeriesEndpoint,1826,527,127,34,451,127,104,28,32,17
Opencast :: jacoco-reports/opencast-admin-service,org.opencastproject.adminui.endpoint,ServerEndpoint.ServerComparator,24,44,4,5,4,9,4,6,0,3
Opencast :: jacoco-reports/opencast-admin-service,org.opencastproject.adminui.endpoint,VersionEndpoint.new TypeToken() {...},3,0,0,0,1,0,1,0,1,0
Opencast :: jacoco-reports/opencast-admin-service,org.opencastproject.adminui.endpoint,ServerEndpoint,28,436,7,35,5,85,6,26,0,11
Opencast :: jacoco-reports/opencast-admin-service,org.opencastproject.adminui.endpoint,OsgiEventEndpoint,195,0,2,0,70,0,39,0,38,0
Opencast :: jacoco-reports/opencast-admin-service,org.opencastproject.adminui.endpoint,AclEndpoint,263,304,29,19,56,74,26,19,8,13
Opencast :: jacoco-reports/opencast-admin-service,org.opencastproject.adminui.endpoint,JobEndpoint.JobSort,0,57,0,0,0,2,0,1,0,1
Opencast :: jacoco-reports/opencast-admin-service,org.opencastproject.adminui.endpoint,UsersEndpoint.new TypeToken() {...},0,3,0,0,0,1,0,1,0,1
Opencast :: jacoco-reports/opencast-admin-service,org.opencastproject.adminui.endpoint,EndpointUtil.new Object() {...},0,14,0,0,0,4,0,1,0,1
Opencast :: jacoco-reports/opencast-admin-service,org.opencastproject.adminui.endpoint,UserSettingsEndpoint,67,85,0,2,16,21,1,9,1,8
Opencast :: jacoco-reports/opencast-admin-service,org.opencastproject.adminui.usersettings.persistence,UserSettingsServiceException,8,0,0,0,4,0,2,0,2,0
Opencast :: jacoco-reports/opencast-admin-service,org.opencastproject.adminui.usersettings.persistence,UserSettingDto,10,60,0,0,4,21,3,10,3,10
Opencast :: jacoco-reports/opencast-admin-service,org.opencastproject.adminui.usersettings,UserSettingsService,93,416,2,8,19,91,4,25,2,22
Opencast :: jacoco-reports/opencast-admin-service,org.opencastproject.adminui.usersettings,UserSetting,0,47,0,0,0,9,0,5,0,5
Opencast :: jacoco-reports/opencast-admin-service,org.opencastproject.adminui.usersettings,UserSettings,36,133,1,5,9,29,7,9,6,7
Opencast :: jacoco-reports/opencast-admin-service,org.opencastproject.adminui.exception,JobEndpointException,5,0,0,0,2,0,1,0,1,0
Opencast :: jacoco-reports/opencast-admin-service,org.opencastproject.adminui.exception,IllegalLanguageFilenameException,9,0,0,0,4,0,2,0,2,0
Opencast :: jacoco-reports/opencast-admin-service,org.opencastproject.adminui.exception,IllegalPathException,9,0,0,0,4,0,2,0,2,0
Opencast :: jacoco-reports/opencast-admin-service,org.opencastproject.adminui.exception,JsonCreationException,4,0,0,0,2,0,1,0,1,0
Opencast :: jacoco-reports/opencast-adopter-registration-api,org.opencastproject.adopter.registration,AdopterRegistrationExtra,22,0,0,0,10,0,5,0,5,0
Opencast :: jacoco-reports/opencast-adopter-registration-impl,org.opencastproject.adopter.registration.dto,GeneralData,124,0,0,0,36,0,19,0,19,0
Opencast :: jacoco-reports/opencast-adopter-registration-impl,org.opencastproject.adopter.registration.dto,Adopter.TERMSOFUSEVERSION,15,0,0,0,2,0,1,0,1,0
Opencast :: jacoco-reports/opencast-adopter-registration-impl,org.opencastproject.adopter.registration.dto,StatisticData,106,0,2,0,42,0,27,0,26,0
Opencast :: jacoco-reports/opencast-adopter-registration-impl,org.opencastproject.adopter.registration.dto,Host,54,0,0,0,21,0,11,0,11,0
Opencast :: jacoco-reports/opencast-adopter-registration-impl,org.opencastproject.adopter.registration.dto,Adopter,382,0,6,0,131,0,53,0,50,0
Opencast :: jacoco-reports/opencast-adopter-registration-impl,org.opencastproject.adopter.registration,AdopterRegistrationSender,164,0,12,0,39,0,15,0,9,0
Opencast :: jacoco-reports/opencast-adopter-registration-impl,org.opencastproject.adopter.registration,AdopterRegistrationRestService,163,0,8,0,45,0,15,0,11,0
Opencast :: jacoco-reports/opencast-adopter-registration-impl,org.opencastproject.adopter.registration,AdopterRegistrationSender.HttpDeleteWithEntity,9,0,0,0,4,0,2,0,2,0
Opencast :: jacoco-reports/opencast-adopter-registration-impl,org.opencastproject.adopter.registration,AdopterRegistrationException,16,0,0,0,8,0,4,0,4,0
Opencast :: jacoco-reports/opencast-adopter-registration-impl,org.opencastproject.adopter.registration,AdopterRegistrationServiceImpl,674,0,24,0,182,0,44,0,32,0
Opencast :: jacoco-reports/opencast-analyze-mediapackage-workflowoperation,org.opencastproject.workflow.handler.analyzemediapackage,AnalyzeMediapackageWorkflowOperationHandler,70,128,9,11,11,27,8,6,1,3
Opencast :: jacoco-reports/opencast-asset-manager-api,org.opencastproject.assetmanager.api,PropertyId,26,99,4,8,2,15,6,11,2,9
Opencast :: jacoco-reports/opencast-asset-manager-api,org.opencastproject.assetmanager.api,Value.DateType,3,6,0,0,1,2,1,2,1,2
Opencast :: jacoco-reports/opencast-asset-manager-api,org.opencastproject.assetmanager.api,Property,15,66,3,7,1,10,4,9,1,7
Opencast :: jacoco-reports/opencast-asset-manager-api,org.opencastproject.assetmanager.api,Value.DateValue,0,4,0,0,0,2,0,1,0,1
Opencast :: jacoco-reports/opencast-asset-manager-api,org.opencastproject.assetmanager.api,Value.TypedValue,0,55,2,4,0,8,2,7,0,6
Opencast :: jacoco-reports/opencast-asset-manager-api,org.opencastproject.assetmanager.api,Value.VersionValue,4,0,0,0,2,0,1,0,1,0
Opencast :: jacoco-reports/opencast-asset-manager-api,org.opencastproject.assetmanager.api,Value.BooleanType,3,6,0,0,1,2,1,2,1,2
Opencast :: jacoco-reports/opencast-asset-manager-api,org.opencastproject.assetmanager.api,PropertyName,60,25,10,0,4,7,9,4,4,4
Opencast :: jacoco-reports/opencast-asset-manager-api,org.opencastproject.assetmanager.api,Value.new Function() {...},0,5,0,0,0,2,0,2,0,2
Opencast :: jacoco-reports/opencast-asset-manager-api,org.opencastproject.assetmanager.api,Value.new Function() {...},0,5,0,0,0,2,0,2,0,2
Opencast :: jacoco-reports/opencast-asset-manager-api,org.opencastproject.assetmanager.api,Value.new Function() {...},0,5,0,0,0,2,0,2,0,2
Opencast :: jacoco-reports/opencast-asset-manager-api,org.opencastproject.assetmanager.api,Value.new Function() {...},0,5,0,0,0,2,0,2,0,2
Opencast :: jacoco-reports/opencast-asset-manager-api,org.opencastproject.assetmanager.api,Value.StringType,3,6,0,0,1,2,1,2,1,2
Opencast :: jacoco-reports/opencast-asset-manager-api,org.opencastproject.assetmanager.api,Value.new Function() {...},2,3,0,0,1,1,1,1,1,1
Opencast :: jacoco-reports/opencast-asset-manager-api,org.opencastproject.assetmanager.api,Value.new Function() {...},0,10,0,0,0,2,0,2,0,2
Opencast :: jacoco-reports/opencast-asset-manager-api,org.opencastproject.assetmanager.api,Value.StringValue,0,4,0,0,0,2,0,1,0,1
Opencast :: jacoco-reports/opencast-asset-manager-api,org.opencastproject.assetmanager.api,Availability,0,15,0,0,0,2,0,1,0,1
Opencast :: jacoco-reports/opencast-asset-manager-api,org.opencastproject.assetmanager.api,Value.BooleanValue,0,4,0,0,0,2,0,1,0,1
Opencast :: jacoco-reports/opencast-asset-manager-api,org.opencastproject.assetmanager.api,Value.UntypedType,10,3,0,0,2,1,2,1,2,1
Opencast :: jacoco-reports/opencast-asset-manager-api,org.opencastproject.assetmanager.api,AssetId,82,22,12,0,8,7,12,3,6,3
Opencast :: jacoco-reports/opencast-asset-manager-api,org.opencastproject.assetmanager.api,Value,21,133,3,9,4,24,3,14,1,10
Opencast :: jacoco-reports/opencast-asset-manager-api,org.opencastproject.assetmanager.api,AssetManagerException,12,12,0,0,4,6,3,3,3,3
Opencast :: jacoco-reports/opencast-asset-manager-api,org.opencastproject.assetmanager.api,Value.LongType,3,6,0,0,1,2,1,2,1,2
Opencast :: jacoco-reports/opencast-asset-manager-api,org.opencastproject.assetmanager.api,Value.VersionType,6,3,0,0,2,1,2,1,2,1
Opencast :: jacoco-reports/opencast-asset-manager-api,org.opencastproject.assetmanager.api,Value.LongValue,0,4,0,0,0,2,0,1,0,1
Opencast :: jacoco-reports/opencast-asset-manager-api,org.opencastproject.assetmanager.api.storage,DeletionSelector,56,56,12,0,5,11,9,7,3,7
Opencast :: jacoco-reports/opencast-asset-manager-api,org.opencastproject.assetmanager.api.storage,StoragePath,2,111,7,7,0,18,7,10,0,10
Opencast :: jacoco-reports/opencast-asset-manager-api,org.opencastproject.assetmanager.api.storage,AssetStoreException,12,4,0,0,6,2,3,1,3,1
Opencast :: jacoco-reports/opencast-asset-manager-api,org.opencastproject.assetmanager.api.storage,Source,20,32,0,0,3,9,3,5,3,5
Opencast :: jacoco-reports/opencast-asset-manager-api,org.opencastproject.assetmanager.api.fn,Product,9,0,0,0,4,0,2,0,2,0
Opencast :: jacoco-reports/opencast-asset-manager-api,org.opencastproject.assetmanager.api.fn,ProductBuilder,13,0,0,0,4,0,3,0,3,0
Opencast :: jacoco-reports/opencast-asset-manager-api,org.opencastproject.assetmanager.api.fn,Properties,42,13,0,0,5,2,5,2,5,2
Opencast :: jacoco-reports/opencast-asset-manager-impl,org.opencastproject.assetmanager.impl,SnapshotImpl,0,75,0,0,0,27,0,9,0,9
Opencast :: jacoco-reports/opencast-asset-manager-impl,org.opencastproject.assetmanager.impl,AssetManagerImpl.AdminRole,0,21,0,0,0,2,0,1,0,1
Opencast :: jacoco-reports/opencast-asset-manager-impl,org.opencastproject.assetmanager.impl,AssetImpl,9,36,0,0,3,13,3,5,3,5
Opencast :: jacoco-reports/opencast-asset-manager-impl,org.opencastproject.assetmanager.impl,AssetManagerJobProducer.Operation,0,33,0,0,0,2,0,1,0,1
Opencast :: jacoco-reports/opencast-asset-manager-impl,org.opencastproject.assetmanager.impl,RuntimeTypes,8,7,0,0,2,2,0,2,0,2
Opencast :: jacoco-reports/opencast-asset-manager-impl,org.opencastproject.assetmanager.impl,TimedMediaArchiver,222,0,14,0,64,0,22,0,15,0
Opencast :: jacoco-reports/opencast-asset-manager-impl,org.opencastproject.assetmanager.impl,TimedMediaArchiver.Runner,44,0,2,0,9,0,4,0,3,0
Opencast :: jacoco-reports/opencast-asset-manager-impl,org.opencastproject.assetmanager.impl,AssetManagerJobProducer.MoveRecordInfo,14,58,1,5,3,16,2,6,1,4
Opencast :: jacoco-reports/opencast-asset-manager-impl,org.opencastproject.assetmanager.impl,AssetManagerJobProducer,148,399,4,3,34,94,10,21,6,20
Opencast :: jacoco-reports/opencast-asset-manager-impl,org.opencastproject.assetmanager.impl,VersionImpl,2,92,3,9,0,15,3,16,0,13
Opencast :: jacoco-reports/opencast-asset-manager-impl,org.opencastproject.assetmanager.impl,AssetManagerImpl,1522,1931,149,112,306,413,131,108,27,79
Opencast :: jacoco-reports/opencast-asset-manager-impl,org.opencastproject.assetmanager.impl,PartialMediaPackage,3,29,0,0,1,9,1,4,1,4
Opencast :: jacoco-reports/opencast-asset-manager-impl,org.opencastproject.assetmanager.impl.endpoint,AbstractAssetManagerRestEndpoint.new TypeToken() {...},3,0,0,0,1,0,1,0,1,0
Opencast :: jacoco-reports/opencast-asset-manager-impl,org.opencastproject.assetmanager.impl.endpoint,AbstractTieredStorageAssetManagerRestEndpoint,271,0,26,0,75,0,22,0,9,0
Opencast :: jacoco-reports/opencast-asset-manager-impl,org.opencastproject.assetmanager.impl.endpoint,OsgiEndpointHttpAssetProvider,164,0,8,0,34,0,13,0,9,0
Opencast :: jacoco-reports/opencast-asset-manager-impl,org.opencastproject.assetmanager.impl.endpoint,AbstractAssetManagerRestEndpoint,389,0,40,0,99,0,32,0,12,0
Opencast :: jacoco-reports/opencast-asset-manager-impl,org.opencastproject.assetmanager.impl.endpoint,OsgiAssetManagerRestEndpoint,18,0,0,0,8,0,5,0,5,0
Opencast :: jacoco-reports/opencast-asset-manager-impl,org.opencastproject.assetmanager.impl.persistence,SnapshotDtos.Medium,13,22,0,0,4,8,4,2,4,2
Opencast :: jacoco-reports/opencast-asset-manager-impl,org.opencastproject.assetmanager.impl.persistence,PropertyDto.new Function() {...},9,6,0,0,2,1,1,1,1,1
Opencast :: jacoco-reports/opencast-asset-manager-impl,org.opencastproject.assetmanager.impl.persistence,PropertyDto.new Function() {...},0,12,0,0,0,3,0,2,0,2
Opencast :: jacoco-reports/opencast-asset-manager-impl,org.opencastproject.assetmanager.impl.persistence,VersionClaimDto,3,50,0,0,1,11,1,5,1,5
Opencast :: jacoco-reports/opencast-asset-manager-impl,org.opencastproject.assetmanager.impl.persistence,PropertyDto.new Function() {...},0,12,0,0,0,3,0,2,0,2
Opencast :: jacoco-reports/opencast-asset-manager-impl,org.opencastproject.assetmanager.impl.persistence,PropertyDto.new Function() {...},0,12,0,0,0,3,0,2,0,2
Opencast :: jacoco-reports/opencast-asset-manager-impl,org.opencastproject.assetmanager.impl.persistence,PropertyDto.new Function() {...},0,12,0,0,0,3,0,2,0,2
Opencast :: jacoco-reports/opencast-asset-manager-impl,org.opencastproject.assetmanager.impl.persistence,Database,93,1085,6,22,17,215,10,72,5,63
Opencast :: jacoco-reports/opencast-asset-manager-impl,org.opencastproject.assetmanager.impl.persistence,SnapshotDto,58,211,2,8,19,48,8,20,6,17
Opencast :: jacoco-reports/opencast-asset-manager-impl,org.opencastproject.assetmanager.impl.persistence,AssetDto,14,63,0,2,6,17,4,10,4,9
Opencast :: jacoco-reports/opencast-asset-manager-impl,org.opencastproject.assetmanager.impl.persistence,PropertyDto,5,212,1,9,1,45,1,17,0,13
Opencast :: jacoco-reports/opencast-asset-manager-impl,org.opencastproject.assetmanager.impl.persistence,Conversions,10,12,1,1,5,4,1,3,0,3
Opencast :: jacoco-reports/opencast-asset-manager-static-file-authorization,org.opencastproject.assetmanager.auth,AssetManagerStaticFileAuthorization,273,0,32,0,63,0,25,0,9,0
Opencast :: jacoco-reports/opencast-asset-manager-storage-aws,org.opencastproject.assetmanager.aws.persistence,AwsAssetMappingDto,24,210,6,4,4,46,4,14,0,13
Opencast :: jacoco-reports/opencast-asset-manager-storage-aws,org.opencastproject.assetmanager.aws.persistence,AwsAssetDatabaseImpl,54,102,1,1,13,29,1,12,0,12
Opencast :: jacoco-reports/opencast-asset-manager-storage-aws,org.opencastproject.assetmanager.aws.persistence,AwsAssetMapping,0,45,0,0,0,16,0,8,0,8
Opencast :: jacoco-reports/opencast-asset-manager-storage-aws,org.opencastproject.assetmanager.aws.persistence,AwsAssetDatabaseException,9,0,0,0,4,0,2,0,2,0
Opencast :: jacoco-reports/opencast-asset-manager-storage-aws,org.opencastproject.assetmanager.aws,AwsUploadOperationResult,0,15,0,0,0,6,0,3,0,3
Opencast :: jacoco-reports/opencast-asset-manager-storage-aws,org.opencastproject.assetmanager.aws,AwsAbstractArchive,101,324,3,11,28,62,7,18,5,13
Opencast :: jacoco-reports/opencast-asset-manager-storage-aws,org.opencastproject.assetmanager.aws.s3,AwsS3AssetStore,517,519,49,27,116,122,36,28,5,21
Opencast :: jacoco-reports/opencast-asset-manager-storage-aws,org.opencastproject.assetmanager.aws.s3.endpoint,AwsS3RestEndpoint,517,0,50,0,114,0,40,0,15,0
Opencast :: jacoco-reports/opencast-asset-manager-storage-fs,org.opencastproject.assetmanager.storage.impl.fs,OsgiFileSystemAssetStore.new CacheLoader() {...},2,16,1,1,0,3,1,2,0,2
Opencast :: jacoco-reports/opencast-asset-manager-storage-fs,org.opencastproject.assetmanager.storage.impl.fs,AbstractFileSystemAssetStore,142,362,15,22,35,76,16,22,2,17
Opencast :: jacoco-reports/opencast-asset-manager-storage-fs,org.opencastproject.assetmanager.storage.impl.fs,OsgiFileSystemAssetStore,373,110,38,4,84,20,30,6,9,6
Opencast :: jacoco-reports/opencast-asset-manager-storage-fs,org.opencastproject.assetmanager.storage.impl.fs,AbstractFileSystemAssetStore.new FilenameFilter() {...},0,13,0,0,0,2,0,2,0,2
Opencast :: jacoco-reports/opencast-asset-manager-workflowoperation,org.opencastproject.workflow.handler.assetmanager,AssetManagerStorageMoveOperationHandler,155,0,10,0,37,0,13,0,8,0
Opencast :: jacoco-reports/opencast-asset-manager-workflowoperation,org.opencastproject.workflow.handler.assetmanager,AssetManagerSnapshotWorkflowOperationHandler,291,0,46,0,64,0,30,0,7,0
Opencast :: jacoco-reports/opencast-asset-manager-workflowoperation,org.opencastproject.workflow.handler.assetmanager,AssetManagerDeleteWorkflowOperationHandler,85,0,2,0,23,0,7,0,6,0
Opencast :: jacoco-reports/opencast-asset-manager-workflowoperation,org.opencastproject.workflow.handler.assetmanager,SelectVersionWorkflowOperationHandler,83,263,10,28,11,53,10,16,0,7
Opencast :: jacoco-reports/opencast-authorization-manager,org.opencastproject.authorization.xacml.manager.util,AccessInformationUtil,58,165,6,18,15,38,8,12,3,5
Opencast :: jacoco-reports/opencast-authorization-manager,org.opencastproject.authorization.xacml.manager.impl.persistence,JpaAclDb,20,126,3,5,4,24,4,12,2,10
Opencast :: jacoco-reports/opencast-authorization-manager,org.opencastproject.authorization.xacml.manager.impl.persistence,ManagedAclEntity,24,85,0,2,4,20,2,10,2,9
Opencast :: jacoco-reports/opencast-authorization-manager,org.opencastproject.authorization.xacml.manager.impl.list,AclsListQuery,21,0,0,0,7,0,4,0,4,0
Opencast :: jacoco-reports/opencast-authorization-manager,org.opencastproject.authorization.xacml.manager.impl.list,AclListProvider,101,0,6,0,22,0,12,0,9,0
Opencast :: jacoco-reports/opencast-authorization-manager,org.opencastproject.authorization.xacml.manager.impl,ManagedAclImpl,0,27,0,0,0,10,0,5,0,5
Opencast :: jacoco-reports/opencast-authorization-manager,org.opencastproject.authorization.xacml.manager.impl,AclScanner,72,268,10,14,17,63,10,19,3,14
Opencast :: jacoco-reports/opencast-authorization-manager,org.opencastproject.authorization.xacml.manager.impl,AclServiceImpl,237,214,18,8,37,43,15,12,3,11
Opencast :: jacoco-reports/opencast-authorization-manager,org.opencastproject.authorization.xacml.manager.impl,OsgiAclServiceFactory,26,0,0,0,8,0,5,0,5,0
Opencast :: jacoco-reports/opencast-authorization-manager,org.opencastproject.authorization.xacml.manager.api,AclServiceException,4,0,0,0,2,0,1,0,1,0
Opencast :: jacoco-reports/opencast-authorization-manager,org.opencastproject.authorization.xacml.manager.endpoint,OsgiAclServiceRestEndpoint,55,0,0,0,20,0,12,0,12,0
Opencast :: jacoco-reports/opencast-authorization-manager,org.opencastproject.authorization.xacml.manager.endpoint,AbstractAclServiceRestEndpoint,108,171,6,18,32,38,7,19,3,11
Opencast :: jacoco-reports/opencast-authorization-manager,org.opencastproject.authorization.xacml.manager.endpoint,JsonConv,0,100,0,0,0,15,0,5,0,5
Opencast :: jacoco-reports/opencast-authorization-xacml,org.opencastproject.authorization.xacml,XACMLAuthorizationService.MergeMode,0,21,0,0,0,2,0,1,0,1
Opencast :: jacoco-reports/opencast-authorization-xacml,org.opencastproject.authorization.xacml,XACMLParsingException,9,0,0,0,4,0,2,0,2,0
Opencast :: jacoco-reports/opencast-authorization-xacml,org.opencastproject.authorization.xacml,XACMLAuthorizationService,151,394,16,33,43,89,16,29,3,16
Opencast :: jacoco-reports/opencast-authorization-xacml,org.opencastproject.authorization.xacml,XACMLUtils,58,406,7,15,12,102,6,8,0,3
Opencast :: jacoco-reports/opencast-caption-api,org.opencastproject.caption.api,CaptionConverterException,13,0,0,0,6,0,3,0,3,0
Opencast :: jacoco-reports/opencast-caption-api,org.opencastproject.caption.api,UnsupportedCaptionFormatException,5,0,0,0,2,0,1,0,1,0
Opencast :: jacoco-reports/opencast-caption-api,org.opencastproject.caption.api,IllegalTimeFormatException,0,5,0,0,0,2,0,1,0,1
Opencast :: jacoco-reports/opencast-caption-impl,org.opencastproject.caption.util,TimeUtil,0,221,0,12,0,30,0,11,0,5
Opencast :: jacoco-reports/opencast-caption-impl,org.opencastproject.caption.impl,CaptionImpl,0,21,0,0,0,8,0,4,0,4
Opencast :: jacoco-reports/opencast-caption-impl,org.opencastproject.caption.impl,CaptionServiceImpl,741,0,55,0,186,0,51,0,23,0
Opencast :: jacoco-reports/opencast-caption-impl,org.opencastproject.caption.impl,CaptionServiceImpl.Operation,15,0,0,0,2,0,1,0,1,0
Opencast :: jacoco-reports/opencast-caption-impl,org.opencastproject.caption.impl,TimeImpl,0,111,0,16,0,28,0,19,0,11
Opencast :: jacoco-reports/opencast-caption-impl,org.opencastproject.caption.converters,DFXPCaptionConverter.new DefaultHandler() {...},35,0,6,0,9,0,5,0,2,0
Opencast :: jacoco-reports/opencast-caption-impl,org.opencastproject.caption.converters,IBMWatsonCaptionConverter,63,289,18,24,20,60,20,10,4,5
Opencast :: jacoco-reports/opencast-caption-impl,org.opencastproject.caption.converters,GoogleSpeechCaptionConverter,44,299,13,23,16,65,17,10,4,5
Opencast :: jacoco-reports/opencast-caption-impl,org.opencastproject.caption.converters,Mpeg7CaptionConverter,146,400,21,19,50,94,17,10,3,4
Opencast :: jacoco-reports/opencast-caption-impl,org.opencastproject.caption.converters,SubRipCaptionConverter,36,229,6,14,12,50,9,10,3,6
Opencast :: jacoco-reports/opencast-caption-impl,org.opencastproject.caption.converters,WebVttCaptionConverter,75,91,5,3,18,20,10,5,7,4
Opencast :: jacoco-reports/opencast-caption-impl,org.opencastproject.caption.converters,DFXPCaptionConverter,132,311,11,19,41,70,12,12,3,6
Opencast :: jacoco-reports/opencast-caption-impl,org.opencastproject.caption.endpoint,CaptionServiceRestEndpoint,211,0,12,0,51,0,16,0,10,0
Opencast :: jacoco-reports/opencast-caption-remote,org.opencastproject.caption.remote,CaptionServiceRemoteImpl,238,0,8,0,54,0,11,0,7,0
Opencast :: jacoco-reports/opencast-capture-admin-service-api,org.opencastproject.capture.admin.api,AgentState,0,33,0,0,0,1,0,1,0,1
Opencast :: jacoco-reports/opencast-capture-admin-service-api,org.opencastproject.capture.admin.api,AgentsListQuery,45,0,0,0,13,0,7,0,7,0
Opencast :: jacoco-reports/opencast-capture-admin-service-api,org.opencastproject.capture.admin.api,AgentStateUpdate,6,39,0,0,2,12,2,5,2,5
Opencast :: jacoco-reports/opencast-capture-admin-service-impl,org.opencastproject.capture.admin.impl.list,AgentsListProviderImpl,86,0,6,0,20,0,11,0,8,0
Opencast :: jacoco-reports/opencast-capture-admin-service-impl,org.opencastproject.capture.admin.endpoint,AgentStateUpdateList,32,0,2,0,11,0,4,0,3,0
Opencast :: jacoco-reports/opencast-capture-admin-service-impl,org.opencastproject.capture.admin.endpoint,CaptureAgentStateRestService,555,0,54,0,122,0,44,0,17,0
Opencast :: jacoco-reports/opencast-capture-admin-service-impl,org.opencastproject.capture.admin.impl,CaptureAgentAdminRoleProviderImpl,107,0,10,0,29,0,15,0,10,0
Opencast :: jacoco-reports/opencast-capture-admin-service-impl,org.opencastproject.capture.admin.impl,AgentImpl,46,238,6,14,13,63,6,24,2,18
Opencast :: jacoco-reports/opencast-capture-admin-service-impl,org.opencastproject.capture.admin.impl,CaptureAgentStateServiceImpl.new CacheLoader() {...},0,34,0,0,0,7,0,2,0,2
Opencast :: jacoco-reports/opencast-capture-admin-service-impl,org.opencastproject.capture.admin.impl,CaptureAgentStateServiceImpl.new RemovalListener() {...},1,64,1,3,1,11,1,3,0,2
Opencast :: jacoco-reports/opencast-capture-admin-service-impl,org.opencastproject.capture.admin.impl,CaptureAgentStateServiceImpl,125,800,18,50,37,189,19,47,3,29
Opencast :: jacoco-reports/opencast-capture-admin-service-impl,org.opencastproject.capture.admin.impl,RecordingStateUpdate,0,31,0,0,0,10,0,5,0,5
Opencast :: jacoco-reports/opencast-capture-admin-service-impl,org.opencastproject.capture.admin.impl,AgentImplId,23,0,0,0,10,0,5,0,5,0
Opencast :: jacoco-reports/opencast-comments-workflowoperation,org.opencastproject.workflow.handler.comments,CommentWorkflowOperationHandler.Operation,0,21,0,0,0,2,0,1,0,1
Opencast :: jacoco-reports/opencast-comments-workflowoperation,org.opencastproject.workflow.handler.comments,CommentWorkflowOperationHandler,78,274,13,21,14,68,11,19,1,11
Opencast :: jacoco-reports/opencast-common,org.opencastproject.mediapackage.identifier,IdImpl,10,58,5,5,2,14,5,7,0,7
Opencast :: jacoco-reports/opencast-common,org.opencastproject.mediapackage.identifier,Id.Adapter,7,11,1,1,1,4,1,3,0,3
Opencast :: jacoco-reports/opencast-common,org.opencastproject.mediapackage,MediaPackageParser,415,62,50,2,98,17,31,3,5,3
Opencast :: jacoco-reports/opencast-common,org.opencastproject.mediapackage,MediaPackageElementBuilderFactory,36,33,0,2,8,11,0,5,0,4
Opencast :: jacoco-reports/opencast-common,org.opencastproject.mediapackage,AdaptivePlaylist.HLSMediaPackageCheck,65,389,7,25,19,70,8,22,1,13
Opencast :: jacoco-reports/opencast-common,org.opencastproject.mediapackage,MediaPackageSupport.MergeMode,0,27,0,0,0,2,0,1,0,1
Opencast :: jacoco-reports/opencast-common,org.opencastproject.mediapackage,XMLCatalogImpl.new Comparator() {...},0,17,0,0,0,2,0,2,0,2
Opencast :: jacoco-reports/opencast-common,org.opencastproject.mediapackage,XMLCatalogImpl.new Comparator() {...},0,7,0,0,0,2,0,2,0,2
Opencast :: jacoco-reports/opencast-common,org.opencastproject.mediapackage,XMLCatalogImpl.CatalogEntry,29,229,6,22,4,53,8,21,3,12
Opencast :: jacoco-reports/opencast-common,org.opencastproject.mediapackage,MediaPackageParser.new MappedXMLStreamWriter() {...},8,11,0,0,4,3,3,2,3,2
Opencast :: jacoco-reports/opencast-common,org.opencastproject.mediapackage,AbstractMediaPackageElement,257,421,41,35,54,106,30,49,3,38
Opencast :: jacoco-reports/opencast-common,org.opencastproject.mediapackage,DefaultMediaPackageSerializerImpl,44,96,11,11,14,28,12,7,3,5
Opencast :: jacoco-reports/opencast-common,org.opencastproject.mediapackage,VideoStream.Adapter,0,8,0,0,0,3,0,3,0,3
Opencast :: jacoco-reports/opencast-common,org.opencastproject.mediapackage,Attachment,0,9,0,0,0,2,0,1,0,1
Opencast :: jacoco-reports/opencast-common,org.opencastproject.mediapackage,CatalogImpl.Adapter,0,8,0,0,0,3,0,3,0,3
Opencast :: jacoco-reports/opencast-common,org.opencastproject.mediapackage,MediaPackageReferenceImpl.Adapter,2,15,1,3,1,6,1,4,0,3
Opencast :: jacoco-reports/opencast-common,org.opencastproject.mediapackage,PublicationImpl,30,137,4,8,8,36,8,13,4,11
Opencast :: jacoco-reports/opencast-common,org.opencastproject.mediapackage,AdaptivePlaylist,319,826,32,78,63,164,39,61,16,29
Opencast :: jacoco-reports/opencast-common,org.opencastproject.mediapackage,MediaPackageElementBuilderImpl,158,208,18,18,39,54,12,13,0,7
Opencast :: jacoco-reports/opencast-common,org.opencastproject.mediapackage,MediaPackageElementParser,71,109,12,8,20,24,9,6,1,4
Opencast :: jacoco-reports/opencast-common,org.opencastproject.mediapackage,MediaPackageElementFlavor,20,239,1,35,5,44,3,31,2,14
Opencast :: jacoco-reports/opencast-common,org.opencastproject.mediapackage,Track,0,3,0,0,0,1,0,1,0,1
Opencast :: jacoco-reports/opencast-common,org.opencastproject.mediapackage,AudioStream.Adapter,0,8,0,0,0,3,0,3,0,3
Opencast :: jacoco-reports/opencast-common,org.opencastproject.mediapackage,NamespaceBindingException,0,4,0,0,0,2,0,1,0,1
Opencast :: jacoco-reports/opencast-common,org.opencastproject.mediapackage,MediaPackageSupport,41,186,9,21,9,44,8,18,1,10
Opencast :: jacoco-reports/opencast-common,org.opencastproject.mediapackage,MediaPackageElementFlavor.FlavorAdapter,0,13,0,2,0,5,0,4,0,3
Opencast :: jacoco-reports/opencast-common,org.opencastproject.mediapackage,MediaPackageBuilderFactory,29,29,1,1,8,12,1,4,0,4
Opencast :: jacoco-reports/opencast-common,org.opencastproject.mediapackage,MediaPackageElement.Type,0,45,0,0,0,2,0,1,0,1
Opencast :: jacoco-reports/opencast-common,org.opencastproject.mediapackage,XMLCatalogImpl,158,533,21,52,40,118,25,48,9,27
Opencast :: jacoco-reports/opencast-common,org.opencastproject.mediapackage,MediaPackageBuilderImpl,29,109,4,6,9,30,5,11,2,9
Opencast :: jacoco-reports/opencast-common,org.opencastproject.mediapackage,MediaPackageImpl,476,1641,110,202,103,401,93,160,8,89
Opencast :: jacoco-reports/opencast-common,org.opencastproject.mediapackage,TrackSupport,0,38,0,4,0,5,0,3,0,1
Opencast :: jacoco-reports/opencast-common,org.opencastproject.mediapackage,MediaPackageReferenceImpl,181,273,32,32,40,62,32,17,6,11
Opencast :: jacoco-reports/opencast-common,org.opencastproject.mediapackage,ChainingMediaPackageSerializer.new Comparator() {...},0,9,0,0,0,2,0,2,0,2
Opencast :: jacoco-reports/opencast-common,org.opencastproject.mediapackage,MediaPackageSupport.Filters,5,45,0,2,1,8,1,8,1,7
Opencast :: jacoco-reports/opencast-common,org.opencastproject.mediapackage,EName,7,173,1,21,1,28,2,23,1,13
Opencast :: jacoco-reports/opencast-common,org.opencastproject.mediapackage,MediaPackageRuntimeException,9,0,0,0,4,0,2,0,2,0
Opencast :: jacoco-reports/opencast-common,org.opencastproject.mediapackage,MediaPackageImpl.Adapter,0,8,0,0,0,3,0,3,0,3
Opencast :: jacoco-reports/opencast-common,org.opencastproject.mediapackage,MediaPackageException,6,9,0,0,2,4,1,2,1,2
Opencast :: jacoco-reports/opencast-common,org.opencastproject.mediapackage,SubtitleStream.Adapter,0,8,0,0,0,3,0,3,0,3
Opencast :: jacoco-reports/opencast-common,org.opencastproject.mediapackage,ChainingMediaPackageSerializer,31,78,0,4,11,20,2,7,2,5
Opencast :: jacoco-reports/opencast-common,org.opencastproject.mediapackage,AdaptivePlaylist.Rep,21,119,1,1,5,28,3,5,2,5
Opencast :: jacoco-reports/opencast-common,org.opencastproject.mediapackage,PublicationImpl.Adapter,0,8,0,0,0,3,0,3,0,3
Opencast :: jacoco-reports/opencast-common,org.opencastproject.mediapackage,Catalog,0,3,0,0,0,1,0,1,0,1
Opencast :: jacoco-reports/opencast-common,org.opencastproject.mediapackage,UnsupportedElementException,28,0,0,0,9,0,4,0,4,0
Opencast :: jacoco-reports/opencast-common,org.opencastproject.mediapackage,MediaPackageElements,0,187,0,0,0,31,0,1,0,1
Opencast :: jacoco-reports/opencast-common,org.opencastproject.mediapackage,CatalogImpl,10,23,0,0,2,6,1,3,1,3
Opencast :: jacoco-reports/opencast-common,org.opencastproject.util.function,ThrowingFunction,56,0,0,0,9,0,10,0,10,0
Opencast :: jacoco-reports/opencast-common,org.opencastproject.util.function,ThrowingConsumer,28,0,0,0,8,0,4,0,4,0
Opencast :: jacoco-reports/opencast-common,org.opencastproject.mediapackage.selector,AttachmentSelector,0,3,0,0,0,1,0,1,0,1
Opencast :: jacoco-reports/opencast-common,org.opencastproject.mediapackage.selector,SimpleElementSelector,0,3,0,0,0,1,0,1,0,1
Opencast :: jacoco-reports/opencast-common,org.opencastproject.mediapackage.selector,AbstractMediaPackageElementSelector,116,333,16,56,20,78,16,39,2,17
Opencast :: jacoco-reports/opencast-common,org.opencastproject.mediapackage.selector,TrackSelector,0,3,0,0,0,1,0,1,0,1
Opencast :: jacoco-reports/opencast-common,org.opencastproject.mediapackage.selector,CatalogSelector,0,3,0,0,0,1,0,1,0,1
Opencast :: jacoco-reports/opencast-common,org.opencastproject.job.api,JaxbIncidentTree,5,57,0,0,2,18,0,4,0,4
Opencast :: jacoco-reports/opencast-common,org.opencastproject.job.api,JaxbIncidentDigestTree,53,0,0,0,13,0,5,0,5,0
Opencast :: jacoco-reports/opencast-common,org.opencastproject.job.api,JaxbIncidentFullList,17,0,0,0,7,0,2,0,2,0
Opencast :: jacoco-reports/opencast-common,org.opencastproject.job.api,OsgiAbstractJobProducer,32,0,0,0,14,0,9,0,9,0
Opencast :: jacoco-reports/opencast-common,org.opencastproject.job.api,JaxbIncidentDetail,0,22,0,0,0,7,0,3,0,3
Opencast :: jacoco-reports/opencast-common,org.opencastproject.job.api,JobImpl,10,531,3,9,4,113,4,48,1,45
Opencast :: jacoco-reports/opencast-common,org.opencastproject.job.api,AbstractJobProducer,31,315,3,11,10,52,3,14,0,10
Opencast :: jacoco-reports/opencast-common,org.opencastproject.job.api,JaxbIncident.Param,0,25,0,0,0,7,0,4,0,4
Opencast :: jacoco-reports/opencast-common,org.opencastproject.job.api,JobBarrier.JobStatusUpdater,68,141,4,13,24,35,4,9,0,3
Opencast :: jacoco-reports/opencast-common,org.opencastproject.job.api,JobBarrier,88,177,6,14,26,50,8,14,3,9
Opencast :: jacoco-reports/opencast-common,org.opencastproject.job.api,JaxbIncidentFull,72,0,0,0,20,0,4,0,4,0
Opencast :: jacoco-reports/opencast-common,org.opencastproject.job.api,IncidentParser,0,30,0,0,0,7,0,6,0,6
Opencast :: jacoco-reports/opencast-common,org.opencastproject.job.api,JaxbIncidentList,15,0,0,0,7,0,2,0,2,0
Opencast :: jacoco-reports/opencast-common,org.opencastproject.job.api,JaxbIncidentDigestList,22,0,0,0,7,0,3,0,3,0
Opencast :: jacoco-reports/opencast-common,org.opencastproject.job.api,JaxbIncidentFullTree,43,0,0,0,13,0,3,0,3,0
Opencast :: jacoco-reports/opencast-common,org.opencastproject.job.api,IncidentTreeImpl,19,49,6,6,2,10,7,5,1,5
Opencast :: jacoco-reports/opencast-common,org.opencastproject.job.api,JaxbIncident,0,99,0,0,0,23,0,3,0,3
Opencast :: jacoco-reports/opencast-common,org.opencastproject.job.api,AbstractJobProducer.JobRunner,45,111,5,3,9,30,4,4,0,4
Opencast :: jacoco-reports/opencast-common,org.opencastproject.job.api,JaxbJobContext,60,0,4,0,19,0,8,0,6,0
Opencast :: jacoco-reports/opencast-common,org.opencastproject.job.api,JobBarrier.Result,3,27,0,4,1,8,1,4,1,2
Opencast :: jacoco-reports/opencast-common,org.opencastproject.job.api,Incident.Severity,0,21,0,0,0,4,0,1,0,1
Opencast :: jacoco-reports/opencast-common,org.opencastproject.job.api,JobParser,44,51,0,0,12,13,2,4,2,4
Opencast :: jacoco-reports/opencast-common,org.opencastproject.job.api,JaxbIncidentDigest,47,0,0,0,13,0,3,0,3,0
Opencast :: jacoco-reports/opencast-common,org.opencastproject.job.api,JaxbJobList,23,44,1,3,7,12,3,5,2,4
Opencast :: jacoco-reports/opencast-common,org.opencastproject.job.api,Job.Status,0,83,0,4,0,6,0,5,0,3
Opencast :: jacoco-reports/opencast-common,org.opencastproject.job.api,IncidentImpl,53,138,12,12,1,30,13,12,1,12
Opencast :: jacoco-reports/opencast-common,org.opencastproject.job.api,JaxbJob,74,267,3,5,7,42,4,5,1,4
Opencast :: jacoco-reports/opencast-common,org.opencastproject.job.api,Job.FailureReason,0,21,0,0,0,2,0,1,0,1
Opencast :: jacoco-reports/opencast-common,org.opencastproject.rest,StaticResource,318,0,40,0,72,0,27,0,7,0
Opencast :: jacoco-reports/opencast-common,org.opencastproject.rest,BulkOperationResult,154,0,0,0,41,0,18,0,18,0
Opencast :: jacoco-reports/opencast-common,org.opencastproject.rest,OsgiAbstractJobProducerEndpoint,38,0,2,0,10,0,7,0,6,0
Opencast :: jacoco-reports/opencast-common,org.opencastproject.rest,AbstractJobProducerEndpoint,74,7,6,0,21,2,5,2,2,2
Opencast :: jacoco-reports/opencast-common,org.opencastproject.cleanup,RecursiveDirectoryCleaner,55,121,6,12,18,29,6,11,1,7
Opencast :: jacoco-reports/opencast-common,org.opencastproject.security.util,SecurityContext,69,0,4,0,18,0,6,0,4,0
Opencast :: jacoco-reports/opencast-common,org.opencastproject.security.util,HttpResponseWrapper,136,23,2,0,43,7,27,4,26,4
Opencast :: jacoco-reports/opencast-common,org.opencastproject.security.util,SecurityUtil,88,133,10,6,21,29,12,11,6,9
Opencast :: jacoco-reports/opencast-common,org.opencastproject.serviceregistry.api,RemoteBase.HttpClientClosingInputStream,75,0,0,0,20,0,11,0,11,0
Opencast :: jacoco-reports/opencast-common,org.opencastproject.serviceregistry.api,ServiceRegistrationInMemoryImpl,24,100,0,0,8,28,8,9,8,9
Opencast :: jacoco-reports/opencast-common,org.opencastproject.serviceregistry.api,HostRegistrationInMemory,63,36,0,0,26,13,17,3,17,3
Opencast :: jacoco-reports/opencast-common,org.opencastproject.serviceregistry.api,JaxbServiceHealth,39,0,0,0,13,0,2,0,2,0
Opencast :: jacoco-reports/opencast-common,org.opencastproject.serviceregistry.api,ServiceRegistryInMemoryImpl.JobDispatcher,67,96,5,5,17,19,3,4,0,2
Opencast :: jacoco-reports/opencast-common,org.opencastproject.serviceregistry.api,SystemLoad,76,52,8,4,13,13,8,6,2,6
Opencast :: jacoco-reports/opencast-common,org.opencastproject.serviceregistry.api,SystemLoad.NodeLoad,27,49,6,0,8,19,5,10,2,10
Opencast :: jacoco-reports/opencast-common,org.opencastproject.serviceregistry.api,RemoteBase,232,161,31,13,59,44,23,8,2,7
Opencast :: jacoco-reports/opencast-common,org.opencastproject.serviceregistry.api,IncidentServiceException,4,0,0,0,2,0,1,0,1,0
Opencast :: jacoco-reports/opencast-common,org.opencastproject.serviceregistry.api,JaxbServiceRegistration,197,56,14,0,64,20,31,8,24,8
Opencast :: jacoco-reports/opencast-common,org.opencastproject.serviceregistry.api,UndispatchableJobException,9,0,0,0,4,0,2,0,2,0
Opencast :: jacoco-reports/opencast-common,org.opencastproject.serviceregistry.api,JaxbHostRegistrationList,68,0,4,0,18,0,8,0,6,0
Opencast :: jacoco-reports/opencast-common,org.opencastproject.serviceregistry.api,ServiceRegistryException,4,9,0,0,2,4,1,2,1,2
Opencast :: jacoco-reports/opencast-common,org.opencastproject.serviceregistry.api,JaxbServiceStatisticsList,40,0,2,0,11,0,5,0,4,0
Opencast :: jacoco-reports/opencast-common,org.opencastproject.serviceregistry.api,Incidents,41,151,1,7,14,32,4,14,3,11
Opencast :: jacoco-reports/opencast-common,org.opencastproject.serviceregistry.api,ServiceUnavailableException,4,0,0,0,2,0,1,0,1,0
Opencast :: jacoco-reports/opencast-common,org.opencastproject.serviceregistry.api,ServiceState,0,21,0,0,0,4,0,1,0,1
Opencast :: jacoco-reports/opencast-common,org.opencastproject.serviceregistry.api,JaxbHostRegistration,120,51,2,0,44,17,19,7,18,7
Opencast :: jacoco-reports/opencast-common,org.opencastproject.serviceregistry.api,JaxbServiceStatistics,32,43,0,0,15,16,7,8,7,8
Opencast :: jacoco-reports/opencast-common,org.opencastproject.serviceregistry.api,HostStatistics,0,51,0,0,0,9,0,5,0,5
Opencast :: jacoco-reports/opencast-common,org.opencastproject.serviceregistry.api,ServiceRegistryInMemoryImpl.new Comparator() {...},9,0,0,0,2,0,2,0,2,0
Opencast :: jacoco-reports/opencast-common,org.opencastproject.serviceregistry.api,ServiceRegistryInMemoryImpl,893,1005,109,81,206,228,100,58,32,31
Opencast :: jacoco-reports/opencast-common,org.opencastproject.serviceregistry.api,ServiceRegistrationParser,13,0,0,0,6,0,1,0,1,0
Opencast :: jacoco-reports/opencast-common,org.opencastproject.serviceregistry.api,JaxbServiceRegistrationList,68,0,4,0,18,0,8,0,6,0
Opencast :: jacoco-reports/opencast-common,org.opencastproject.util.jaxb,ExtendedMetadataAdapter.ExtendedMetadata,6,6,0,0,3,3,2,1,2,1
Opencast :: jacoco-reports/opencast-common,org.opencastproject.util.jaxb,JaxbParser,20,44,0,0,7,11,1,4,1,4
Opencast :: jacoco-reports/opencast-common,org.opencastproject.util.jaxb,OptionAdapter,10,0,0,0,3,0,3,0,3,0
Opencast :: jacoco-reports/opencast-common,org.opencastproject.util.jaxb,ExtendedMetadataAdapter,78,19,5,1,15,4,5,2,2,2
Opencast :: jacoco-reports/opencast-common,org.opencastproject.util.jaxb,UtcTimestampAdapter,0,17,0,0,0,3,0,3,0,3
Opencast :: jacoco-reports/opencast-common,org.opencastproject.util.jaxb,ExtendedMetadataAdapter.ExtendedMetadataEntry,24,0,0,0,10,0,5,0,5,0
Opencast :: jacoco-reports/opencast-common,org.opencastproject.mediapackage.elementbuilder,PublicationBuilderPlugin,276,35,31,1,64,8,19,5,3,5
Opencast :: jacoco-reports/opencast-common,org.opencastproject.mediapackage.elementbuilder,AttachmentBuilderPlugin,10,33,3,11,3,9,4,8,2,3
Opencast :: jacoco-reports/opencast-common,org.opencastproject.mediapackage.elementbuilder,TrackBuilderPlugin,196,318,27,25,49,73,25,11,2,8
Opencast :: jacoco-reports/opencast-common,org.opencastproject.mediapackage.elementbuilder,AbstractElementBuilderPlugin,7,15,0,0,3,7,2,3,2,3
Opencast :: jacoco-reports/opencast-common,org.opencastproject.mediapackage.elementbuilder,AbstractAttachmentBuilderPlugin,289,80,39,7,68,21,24,11,3,9
Opencast :: jacoco-reports/opencast-common,org.opencastproject.mediapackage.elementbuilder,CatalogBuilderPlugin,199,58,23,1,46,17,14,9,2,9
Opencast :: jacoco-reports/opencast-common,org.opencastproject.util.data.functions,Eithers,0,9,0,0,0,1,0,2,0,2
Opencast :: jacoco-reports/opencast-common,org.opencastproject.util.data.functions,Strings,20,59,5,7,6,14,6,9,2,7
Opencast :: jacoco-reports/opencast-common,org.opencastproject.util.data.functions,Booleans,62,0,8,0,6,0,16,0,12,0
Opencast :: jacoco-reports/opencast-common,org.opencastproject.util.data.functions,Misc,11,93,1,17,2,21,3,15,2,7
Opencast :: jacoco-reports/opencast-common,org.opencastproject.security.api,AclScope,0,27,0,0,0,2,0,1,0,1
Opencast :: jacoco-reports/opencast-common,org.opencastproject.security.api,Permissions.Action,27,38,4,0,4,9,3,4,1,4
Opencast :: jacoco-reports/opencast-common,org.opencastproject.security.api,JaxbGroupList,68,0,4,0,18,0,8,0,6,0
Opencast :: jacoco-reports/opencast-common,org.opencastproject.security.api,AccessControlList,84,92,7,5,15,23,7,9,3,7
Opencast :: jacoco-reports/opencast-common,org.opencastproject.security.api,AccessControlParsingException,0,4,0,0,0,2,0,1,0,1
Opencast :: jacoco-reports/opencast-common,org.opencastproject.security.api,Role.Target,0,21,0,0,0,2,0,1,0,1
Opencast :: jacoco-reports/opencast-common,org.opencastproject.security.api,JaxbOrganization.OrgProperty,0,18,0,0,0,8,0,4,0,4
Opencast :: jacoco-reports/opencast-common,org.opencastproject.security.api,JaxbOrganizationList,43,0,2,0,13,0,6,0,5,0
Opencast :: jacoco-reports/opencast-common,org.opencastproject.security.api,JaxbOrganization,11,232,2,20,2,49,3,21,1,12
Opencast :: jacoco-reports/opencast-common,org.opencastproject.security.api,DefaultOrganization,1,53,1,1,0,13,1,3,0,3
Opencast :: jacoco-reports/opencast-common,org.opencastproject.security.api,UserProvider,29,0,4,0,7,0,3,0,1,0
Opencast :: jacoco-reports/opencast-common,org.opencastproject.security.api,JaxbOrganization.OrgServer,0,18,0,0,0,8,0,4,0,4
Opencast :: jacoco-reports/opencast-common,org.opencastproject.security.api,AccessControlParser,27,245,2,14,10,61,2,16,0,10
Opencast :: jacoco-reports/opencast-common,org.opencastproject.security.api,JaxbUser,113,198,11,15,20,47,12,23,3,19
Opencast :: jacoco-reports/opencast-common,org.opencastproject.security.api,JaxbRoleList,69,0,4,0,18,0,8,0,6,0
Opencast :: jacoco-reports/opencast-common,org.opencastproject.security.api,GroupParser,24,0,0,0,5,0,4,0,4,0
Opencast :: jacoco-reports/opencast-common,org.opencastproject.security.api,JaxbGroup,98,73,10,0,15,23,9,11,4,11
Opencast :: jacoco-reports/opencast-common,org.opencastproject.security.api,AccessControlUtil.new Comparator() {...},8,27,1,3,1,7,1,3,0,2
Opencast :: jacoco-reports/opencast-common,org.opencastproject.security.api,UserParser,50,27,4,0,12,8,3,2,1,2
Opencast :: jacoco-reports/opencast-common,org.opencastproject.security.api,AccessControlEntry,18,102,6,8,3,22,5,11,1,8
Opencast :: jacoco-reports/opencast-common,org.opencastproject.security.api,Role.Type,0,39,0,0,0,2,0,1,0,1
Opencast :: jacoco-reports/opencast-common,org.opencastproject.security.api,UserDirectoryService,26,0,2,0,5,0,2,0,1,0
Opencast :: jacoco-reports/opencast-common,org.opencastproject.security.api,SecurityConstants,0,19,0,0,0,2,0,1,0,1
Opencast :: jacoco-reports/opencast-common,org.opencastproject.security.api,JaxbUserList,69,0,4,0,18,0,8,0,6,0
Opencast :: jacoco-reports/opencast-common,org.opencastproject.security.api,AccessControlUtil,25,395,9,43,6,71,8,36,0,18
Opencast :: jacoco-reports/opencast-common,org.opencastproject.security.api,OrganizationParser,36,41,4,0,8,13,2,3,0,3
Opencast :: jacoco-reports/opencast-common,org.opencastproject.security.api,OrganizationList,16,0,0,0,8,0,4,0,4,0
Opencast :: jacoco-reports/opencast-common,org.opencastproject.security.api,UnauthorizedException,15,41,1,1,4,12,2,3,1,3
Opencast :: jacoco-reports/opencast-common,org.opencastproject.security.api,TrustedHttpClientException,0,4,0,0,0,2,0,1,0,1
Opencast :: jacoco-reports/opencast-common,org.opencastproject.security.api,JaxbRole,17,123,5,7,3,34,5,14,0,13
Opencast :: jacoco-reports/opencast-common,org.opencastproject.db,DBUtils,2,32,2,6,1,9,2,3,0,1
Opencast :: jacoco-reports/opencast-common,org.opencastproject.db,Queries.new Queries.QueriesBase() {...},0,10,0,0,0,2,0,2,0,2
Opencast :: jacoco-reports/opencast-common,org.opencastproject.db,Queries.new Queries.TypedQueriesBase() {...},0,18,0,0,0,3,0,3,0,3
Opencast :: jacoco-reports/opencast-common,org.opencastproject.db,Queries.QueriesBase,83,144,6,12,12,36,10,19,6,14
Opencast :: jacoco-reports/opencast-common,org.opencastproject.db,Queries,0,9,0,0,0,2,0,1,0,1
Opencast :: jacoco-reports/opencast-common,org.opencastproject.db,Queries.TypedQueriesBase,3,100,0,2,2,18,0,15,0,14
Opencast :: jacoco-reports/opencast-common,org.opencastproject.db,DBTestEnv,12,88,1,1,3,24,1,7,0,7
Opencast :: jacoco-reports/opencast-common,org.opencastproject.db,DBSessionImpl,23,231,4,16,9,70,7,26,3,20
Opencast :: jacoco-reports/opencast-common,org.opencastproject.db,DBSessionFactoryImpl,22,30,0,0,7,9,3,5,3,5
Opencast :: jacoco-reports/opencast-common,org.opencastproject.util.requests,SortCriterion,9,137,7,15,3,24,7,11,0,7
Opencast :: jacoco-reports/opencast-common,org.opencastproject.util.requests,SortCriterion.Order,0,21,0,0,0,2,0,1,0,1
Opencast :: jacoco-reports/opencast-common,org.opencastproject.mediapackage.attachment,AttachmentImpl.PropertiesAdapter,0,12,0,0,0,5,0,2,0,2
Opencast :: jacoco-reports/opencast-common,org.opencastproject.mediapackage.attachment,AttachmentImpl,0,60,0,4,0,16,0,7,0,5
Opencast :: jacoco-reports/opencast-common,org.opencastproject.mediapackage.attachment,AttachmentImpl.Adapter,0,8,0,0,0,3,0,3,0,3
Opencast :: jacoco-reports/opencast-common,org.opencastproject.mediapackage.attachment,AttachmentImpl.Property,0,12,0,0,0,6,0,2,0,2
Opencast :: jacoco-reports/opencast-common,org.opencastproject.mediapackage.attachment,AttachmentImpl.PropertiesXmlAdapter,0,64,1,9,0,13,1,6,0,2
Opencast :: jacoco-reports/opencast-common,org.opencastproject.util.doc,DocUtil,85,93,8,6,22,27,8,4,1,4
Opencast :: jacoco-reports/opencast-common,org.opencastproject.util.doc,DocData,62,60,12,6,13,15,13,5,5,4
Opencast :: jacoco-reports/opencast-common,org.opencastproject.mediapackage.track,TrackImpl.Adapter,0,8,0,0,0,3,0,3,0,3
Opencast :: jacoco-reports/opencast-common,org.opencastproject.mediapackage.track,VideoStreamImpl.Scan,4,3,0,0,1,1,1,1,1,1
Opencast :: jacoco-reports/opencast-common,org.opencastproject.mediapackage.track,AudioStreamImpl,376,47,30,0,96,20,27,12,12,12
Opencast :: jacoco-reports/opencast-common,org.opencastproject.mediapackage.track,AbstractStreamImpl.Encoder,0,3,0,0,0,1,0,1,0,1
Opencast :: jacoco-reports/opencast-common,org.opencastproject.mediapackage.track,AbstractStreamImpl,282,48,32,0,65,17,27,9,11,9
Opencast :: jacoco-reports/opencast-common,org.opencastproject.mediapackage.track,FrameRateMode,15,0,0,0,2,0,1,0,1,0
Opencast :: jacoco-reports/opencast-common,org.opencastproject.mediapackage.track,TrackImpl,242,312,42,28,53,61,31,33,5,24
Opencast :: jacoco-reports/opencast-common,org.opencastproject.mediapackage.track,VideoStreamImpl,286,106,36,12,65,33,24,17,2,15
Opencast :: jacoco-reports/opencast-common,org.opencastproject.mediapackage.track,BitRateMode,15,0,0,0,2,0,1,0,1,0
Opencast :: jacoco-reports/opencast-common,org.opencastproject.mediapackage.track,TrackImpl.StreamingProtocol,0,99,0,0,0,2,0,1,0,1
Opencast :: jacoco-reports/opencast-common,org.opencastproject.mediapackage.track,SubtitleStreamImpl,34,9,2,0,9,4,3,2,2,2
Opencast :: jacoco-reports/opencast-common,org.opencastproject.mediapackage.track,ScanOrder,5,15,0,0,1,2,1,1,1,1
Opencast :: jacoco-reports/opencast-common,org.opencastproject.mediapackage.track,AbstractStreamImpl.Device,0,3,0,0,0,1,0,1,0,1
Opencast :: jacoco-reports/opencast-common,org.opencastproject.mediapackage.track,ScanType,5,15,0,0,1,2,1,1,1,1
Opencast :: jacoco-reports/opencast-common,org.opencastproject.util.doc.rest,RestParameter.Type,0,51,0,0,0,3,0,1,0,1
Opencast :: jacoco-reports/opencast-common,org.opencastproject.util.doc.rest,ExtendedMediaType,3,0,0,0,1,0,1,0,1,0
Opencast :: jacoco-reports/opencast-common,org.opencastproject.util.data,Collections.new Iterable() {...},9,0,0,0,2,0,2,0,2,0
Opencast :: jacoco-reports/opencast-common,org.opencastproject.util.data,Collections.new Iterator() {...},4,33,0,6,1,3,1,6,1,3
Opencast :: jacoco-reports/opencast-common,org.opencastproject.util.data,Collections.new Iterator() {...},4,29,0,2,1,5,1,4,1,3
Opencast :: jacoco-reports/opencast-common,org.opencastproject.util.data,Collections.new Iterator() {...},4,40,0,4,1,6,1,5,1,3
Opencast :: jacoco-reports/opencast-common,org.opencastproject.util.data,Iterators.Iter,4,0,0,0,1,0,1,0,1,0
Opencast :: jacoco-reports/opencast-common,org.opencastproject.util.data,NonEmptyList.new Iterator() {...},4,17,0,0,1,3,1,3,1,3
Opencast :: jacoco-reports/opencast-common,org.opencastproject.util.data,NonEmptyList.new ListIterator() {...},45,0,0,0,10,0,10,0,10,0
Opencast :: jacoco-reports/opencast-common,org.opencastproject.util.data,VCell,6,75,1,3,1,19,1,8,0,7
Opencast :: jacoco-reports/opencast-common,org.opencastproject.util.data,Either.1.new Either.LeftProjection() {...},9,15,0,0,2,3,2,3,2,3
Opencast :: jacoco-reports/opencast-common,org.opencastproject.util.data,Either.1.new Either.RightProjection() {...},13,20,0,0,4,4,4,4,4,4
Opencast :: jacoco-reports/opencast-common,org.opencastproject.util.data,Either.RightProjection,0,3,0,0,0,2,0,1,0,1
Opencast :: jacoco-reports/opencast-common,org.opencastproject.util.data,Either.2.new Either.LeftProjection() {...},6,11,0,0,2,3,2,3,2,3
Opencast :: jacoco-reports/opencast-common,org.opencastproject.util.data,Either.2.new Either.RightProjection() {...},5,37,0,0,1,7,1,7,1,7
Opencast :: jacoco-reports/opencast-common,org.opencastproject.util.data,Tuple3,66,28,10,0,8,9,8,5,3,5
Opencast :: jacoco-reports/opencast-common,org.opencastproject.util.data,Collections,161,262,13,21,34,54,18,27,11,17
Opencast :: jacoco-reports/opencast-common,org.opencastproject.util.data,Cells.FCell,0,36,0,0,0,7,0,3,0,3
Opencast :: jacoco-reports/opencast-common,org.opencastproject.util.data,Cells.new Cells.FCell() {...},0,33,0,2,0,6,0,3,0,2
Opencast :: jacoco-reports/opencast-common,org.opencastproject.util.data,Either.LeftProjection,0,3,0,0,0,2,0,1,0,1
Opencast :: jacoco-reports/opencast-common,org.opencastproject.util.data,NonEmptyList,111,35,0,2,28,9,23,4,23,3
Opencast :: jacoco-reports/opencast-common,org.opencastproject.util.data,Tuple,13,60,4,4,3,12,5,6,1,6
Opencast :: jacoco-reports/opencast-common,org.opencastproject.util.data,Iterators,5,6,0,0,1,1,1,1,1,1
Opencast :: jacoco-reports/opencast-common,org.opencastproject.util.data,Prelude,12,0,0,0,5,0,2,0,2,0
Opencast :: jacoco-reports/opencast-common,org.opencastproject.util.data,Iterators.new Iterators.Iter() {...},11,0,0,0,3,0,3,0,3,0
Opencast :: jacoco-reports/opencast-common,org.opencastproject.util.data,Iterators.new Iterators.Iter() {...},0,41,0,4,0,8,0,5,0,3
Opencast :: jacoco-reports/opencast-common,org.opencastproject.util.data,Arrays,0,93,0,2,0,16,0,6,0,5
Opencast :: jacoco-reports/opencast-common,org.opencastproject.util.data,Cell,0,3,0,0,0,1,0,1,0,1
Opencast :: jacoco-reports/opencast-common,org.opencastproject.util.data,Either,0,10,0,0,0,2,0,2,0,2
Opencast :: jacoco-reports/opencast-common,org.opencastproject.util.data,Either.new Either() {...},7,26,0,0,2,6,2,5,2,5
Opencast :: jacoco-reports/opencast-common,org.opencastproject.util.data,Either.new Either() {...},0,33,0,0,0,8,0,7,0,7
Opencast :: jacoco-reports/opencast-common,org.opencastproject.util.data,Cells,0,6,0,0,0,1,0,1,0,1
Opencast :: jacoco-reports/opencast-common,org.opencastproject.util,IoSupport.new Function() {...},6,9,0,0,2,3,0,2,0,2
Opencast :: jacoco-reports/opencast-common,org.opencastproject.util,IoSupport.new Function() {...},6,13,0,0,2,4,0,2,0,2
Opencast :: jacoco-reports/opencast-common,org.opencastproject.util,DateTimeSupport.UtcTimestampAdapter,6,7,0,0,1,2,1,2,1,2
Opencast :: jacoco-reports/opencast-common,org.opencastproject.util,RestUtil.R,62,93,3,3,11,20,13,14,10,14
Opencast :: jacoco-reports/opencast-common,org.opencastproject.util,IoSupport,212,230,12,8,67,63,14,23,6,21
Opencast :: jacoco-reports/opencast-common,org.opencastproject.util,LoadUtil,44,85,5,7,13,21,4,7,0,5
Opencast :: jacoco-reports/opencast-common,org.opencastproject.util,ChunkedFileInputStream,88,0,8,0,24,0,12,0,8,0
Opencast :: jacoco-reports/opencast-common,org.opencastproject.util,FileSupport,351,412,60,68,70,103,47,36,2,17
Opencast :: jacoco-reports/opencast-common,org.opencastproject.util,Jsons.new Jsons.Val() {...},0,3,0,0,0,1,0,1,0,1
Opencast :: jacoco-reports/opencast-common,org.opencastproject.util,JsonArr,7,17,0,0,3,4,1,2,1,2
Opencast :: jacoco-reports/opencast-common,org.opencastproject.util,Jsons.new Jsons.Val() {...},0,3,0,0,0,1,0,1,0,1
Opencast :: jacoco-reports/opencast-common,org.opencastproject.util,Jsons,9,235,1,13,2,55,2,31,1,25
Opencast :: jacoco-reports/opencast-common,org.opencastproject.util,ReadinessIndicator,0,3,0,0,0,1,0,1,0,1
Opencast :: jacoco-reports/opencast-common,org.opencastproject.util,UrlSupport,52,204,8,26,15,48,8,22,0,13
Opencast :: jacoco-reports/opencast-common,org.opencastproject.util,ChecksumType.Adapter,8,9,0,0,3,3,0,3,0,3
Opencast :: jacoco-reports/opencast-common,org.opencastproject.util,NeedleEye,7,27,0,2,2,6,0,3,0,2
Opencast :: jacoco-reports/opencast-common,org.opencastproject.util,Jsons.Obj,2,25,1,1,1,7,1,4,0,4
Opencast :: jacoco-reports/opencast-common,org.opencastproject.util,ProgressInputStream,39,49,0,2,9,11,8,5,8,4
Opencast :: jacoco-reports/opencast-common,org.opencastproject.util,RestUtil,220,45,17,1,35,11,17,4,8,4
Opencast :: jacoco-reports/opencast-common,org.opencastproject.util,XmlNamespaceContext,12,235,1,19,3,45,3,21,2,12
Opencast :: jacoco-reports/opencast-common,org.opencastproject.util,Checksum,29,205,7,15,7,43,8,16,1,12
Opencast :: jacoco-reports/opencast-common,org.opencastproject.util,Jsons.Val,0,3,0,0,0,1,0,1,0,1
Opencast :: jacoco-reports/opencast-common,org.opencastproject.util,MimeTypes,42,168,4,14,13,48,5,11,1,6
Opencast :: jacoco-reports/opencast-common,org.opencastproject.util,HttpUtil,113,27,9,1,29,8,12,1,7,1
Opencast :: jacoco-reports/opencast-common,org.opencastproject.util,PropertiesResponse,12,0,0,0,6,0,3,0,3,0
Opencast :: jacoco-reports/opencast-common,org.opencastproject.util,MimeType,85,140,16,8,14,24,21,15,10,14
Opencast :: jacoco-reports/opencast-common,org.opencastproject.util,DateTimeSupport,10,143,2,4,2,26,2,5,0,4
Opencast :: jacoco-reports/opencast-common,org.opencastproject.util,ZipUtil,181,515,15,69,44,125,15,38,1,10
Opencast :: jacoco-reports/opencast-common,org.opencastproject.util,XmlNamespaceBinding,45,27,10,0,3,7,8,4,3,4
Opencast :: jacoco-reports/opencast-common,org.opencastproject.util,JaxbXmlSchemaGenerator.new SchemaOutputResolver() {...},0,17,0,0,0,4,0,2,0,2
Opencast :: jacoco-reports/opencast-common,org.opencastproject.util,MimeTypeUtil,11,0,0,0,2,0,3,0,3,0
Opencast :: jacoco-reports/opencast-common,org.opencastproject.util,StreamConsumer,138,0,8,0,45,0,11,0,7,0
Opencast :: jacoco-reports/opencast-common,org.opencastproject.util,PathSupport,38,105,7,15,7,26,7,10,0,6
Opencast :: jacoco-reports/opencast-common,org.opencastproject.util,MimeTypes.MimeTypeParser,13,128,1,9,6,36,4,9,3,5
Opencast :: jacoco-reports/opencast-common,org.opencastproject.util,PropertiesUtil,0,27,0,2,0,5,0,2,0,1
Opencast :: jacoco-reports/opencast-common,org.opencastproject.util,ReflectionUtil,6,54,3,9,3,12,4,6,1,3
Opencast :: jacoco-reports/opencast-common,org.opencastproject.util,Xpath,3,31,0,0,2,8,0,3,0,3
Opencast :: jacoco-reports/opencast-common,org.opencastproject.util,OsgiUtil,68,140,2,10,17,39,6,14,4,10
Opencast :: jacoco-reports/opencast-common,org.opencastproject.util,NotFoundException,0,16,0,0,0,8,0,4,0,4
Opencast :: jacoco-reports/opencast-common,org.opencastproject.util,StreamConsumer.new Function() {...},12,0,0,0,3,0,2,0,2,0
Opencast :: jacoco-reports/opencast-common,org.opencastproject.util,XmlSafeParser.new ThreadLocal() {...},10,16,0,0,3,7,0,2,0,2
Opencast :: jacoco-reports/opencast-common,org.opencastproject.util,ChecksumType,35,57,3,3,9,17,6,6,3,6
Opencast :: jacoco-reports/opencast-common,org.opencastproject.util,HashtableAdapter,64,0,4,0,11,0,5,0,3,0
Opencast :: jacoco-reports/opencast-common,org.opencastproject.util,JobUtil,46,173,4,7,7,37,4,23,1,20
Opencast :: jacoco-reports/opencast-common,org.opencastproject.util,XProperties,129,51,27,5,33,16,17,7,3,5
Opencast :: jacoco-reports/opencast-common,org.opencastproject.util,JobCanceledException,6,0,0,0,2,0,1,0,1,0
Opencast :: jacoco-reports/opencast-common,org.opencastproject.util,RequireUtil,27,44,5,9,4,14,5,8,0,6
Opencast :: jacoco-reports/opencast-common,org.opencastproject.util,SmartIterator,0,92,0,14,0,23,0,11,0,4
Opencast :: jacoco-reports/opencast-common,org.opencastproject.util,XmlSafeParser,38,111,1,3,10,31,1,8,0,7
Opencast :: jacoco-reports/opencast-common,org.opencastproject.util,JaxbXmlSchemaGenerator,14,29,4,4,4,6,4,2,0,2
Opencast :: jacoco-reports/opencast-common,org.opencastproject.util,ConfigurationException,5,4,0,0,2,2,1,1,1,1
Opencast :: jacoco-reports/opencast-common,org.opencastproject.util,Jsons.Prop,0,15,0,0,0,6,0,3,0,3
Opencast :: jacoco-reports/opencast-common,org.opencastproject.util,HashEntry,24,0,0,0,10,0,5,0,5,0
Opencast :: jacoco-reports/opencast-common,org.opencastproject.util,XmlUtil,15,91,0,0,6,27,0,8,0,8
Opencast :: jacoco-reports/opencast-common,org.opencastproject.util,MimeType.Adapter,7,12,0,0,3,3,0,3,0,3
Opencast :: jacoco-reports/opencast-common,org.opencastproject.util,XmlNamespaceContext.new NamespaceContext() {...},60,0,6,0,11,0,8,0,5,0
Opencast :: jacoco-reports/opencast-common,org.opencastproject.util,EnumSupport,49,12,4,0,18,4,3,2,1,2
Opencast :: jacoco-reports/opencast-common,org.opencastproject.util,Jsons.SVal,0,9,0,0,0,4,0,2,0,2
Opencast :: jacoco-reports/opencast-common,org.opencastproject.util,Jsons.Arr,0,12,0,0,0,5,0,3,0,3
Opencast :: jacoco-reports/opencast-common,org.opencastproject.util,JsonObj,46,94,3,1,11,17,5,10,3,10
Opencast :: jacoco-reports/opencast-common,org.opencastproject.util,JsonVal,38,24,0,0,8,7,8,5,8,5
Opencast :: jacoco-reports/opencast-common,org.opencastproject.util,LocalHashMap,50,0,2,0,11,0,4,0,3,0
Opencast :: jacoco-reports/opencast-common,org.opencastproject.util,EqualsUtil,5,146,9,29,1,30,9,19,0,9
Opencast :: jacoco-reports/opencast-common,org.opencastproject.util,UnknownFileTypeException,3,15,0,0,1,6,1,2,1,2
Opencast :: jacoco-reports/opencast-common-jpa-impl,org.opencastproject.serviceregistry.impl.jpa,HostRegistrationJpaImpl,32,110,1,1,12,40,10,16,9,16
Opencast :: jacoco-reports/opencast-common-jpa-impl,org.opencastproject.serviceregistry.impl.jpa,ServiceRegistrationJpaImpl,69,225,5,15,18,64,13,31,8,26
Opencast :: jacoco-reports/opencast-common-jpa-impl,org.opencastproject.job.jpa,JpaJob,44,442,3,9,10,113,6,40,4,36
Opencast :: jacoco-reports/opencast-common-jpa-impl,org.opencastproject.security.impl.jpa,JpaUser,42,201,6,14,7,48,8,22,2,18
Opencast :: jacoco-reports/opencast-common-jpa-impl,org.opencastproject.security.impl.jpa,JpaOrganization,33,110,4,2,8,39,6,16,3,16
Opencast :: jacoco-reports/opencast-common-jpa-impl,org.opencastproject.security.impl.jpa,JpaRole,20,82,2,4,6,22,5,12,3,11
Opencast :: jacoco-reports/opencast-common-jpa-impl,org.opencastproject.security.impl.jpa,JpaGroup,95,97,12,2,16,33,14,15,7,15
Opencast :: jacoco-reports/opencast-common-jpa-impl,org.opencastproject.security.impl.jpa,JpaUserReference,114,86,9,3,20,28,15,11,10,10
Opencast :: jacoco-reports/opencast-composer-ffmpeg,org.opencastproject.composer.impl,EncoderEngine,205,1820,48,146,47,338,40,78,2,19
Opencast :: jacoco-reports/opencast-composer-ffmpeg,org.opencastproject.composer.impl,EncodingProfileScanner.new FilenameFilter() {...},0,7,0,0,0,2,0,2,0,2
Opencast :: jacoco-reports/opencast-composer-ffmpeg,org.opencastproject.composer.impl,ComposerServiceImpl.Operation,0,75,0,0,0,3,0,1,0,1
Opencast :: jacoco-reports/opencast-composer-ffmpeg,org.opencastproject.composer.impl,EncoderEngine.OutputAggregate,133,1295,21,143,29,246,22,77,1,16
Opencast :: jacoco-reports/opencast-composer-ffmpeg,org.opencastproject.composer.impl,EncodingProfileScanner,75,492,12,38,13,107,11,27,1,12
Opencast :: jacoco-reports/opencast-composer-ffmpeg,org.opencastproject.composer.impl,ComposerServiceImpl,2498,3773,204,235,485,730,179,138,27,65
Opencast :: jacoco-reports/opencast-composer-ffmpeg,org.opencastproject.composer.impl.endpoint,ComposerRestService,962,282,117,31,204,59,81,18,15,10
Opencast :: jacoco-reports/opencast-composer-service-api,org.opencastproject.composer.layout,TwoShapeLayouts.TwoShapeLayoutSpec,0,15,0,0,0,6,0,3,0,3
Opencast :: jacoco-reports/opencast-composer-service-api,org.opencastproject.composer.layout,Serializer,12,270,0,0,1,30,1,15,1,15
Opencast :: jacoco-reports/opencast-composer-service-api,org.opencastproject.composer.layout,AnchorOffset,41,67,6,6,2,12,8,7,2,7
Opencast :: jacoco-reports/opencast-composer-service-api,org.opencastproject.composer.layout,HorizontalCoverageLayoutSpec,17,47,5,5,1,9,6,5,1,5
Opencast :: jacoco-reports/opencast-composer-service-api,org.opencastproject.composer.layout,Dimension,18,69,5,5,1,10,6,7,1,7
Opencast :: jacoco-reports/opencast-composer-service-api,org.opencastproject.composer.layout,AbsolutePositionLayoutSpec,30,9,6,0,4,4,6,2,3,2
Opencast :: jacoco-reports/opencast-composer-service-api,org.opencastproject.composer.layout,TwoShapeLayout,21,56,6,6,1,10,7,6,1,6
Opencast :: jacoco-reports/opencast-composer-service-api,org.opencastproject.composer.layout,Offset,35,48,5,5,2,9,7,6,2,6
Opencast :: jacoco-reports/opencast-composer-service-api,org.opencastproject.composer.layout,LayoutManager,99,268,18,2,10,40,18,15,9,14
Opencast :: jacoco-reports/opencast-composer-service-api,org.opencastproject.composer.layout,TwoShapeLayouts,29,0,0,0,3,0,1,0,1,0
Opencast :: jacoco-reports/opencast-composer-service-api,org.opencastproject.composer.layout,MultiShapeLayout,3,16,0,0,1,5,1,2,1,2
Opencast :: jacoco-reports/opencast-composer-service-api,org.opencastproject.composer.layout,Anchor,35,50,5,5,2,8,7,5,2,5
Opencast :: jacoco-reports/opencast-composer-service-api,org.opencastproject.composer.layout,Layout,16,44,5,5,1,8,6,5,1,5
Opencast :: jacoco-reports/opencast-composer-service-api,org.opencastproject.composer.layout,Anchors,0,31,0,0,0,5,0,1,0,1
Opencast :: jacoco-reports/opencast-composer-service-api,org.opencastproject.composer.api,EncodingProfileImpl.Extension,54,15,6,0,11,6,7,3,4,3
Opencast :: jacoco-reports/opencast-composer-service-api,org.opencastproject.composer.api,EncodingProfileBuilder,77,0,4,0,19,0,7,0,5,0
Opencast :: jacoco-reports/opencast-composer-service-api,org.opencastproject.composer.api,EncodingProfile.MediaType,6,101,2,8,1,12,2,5,0,2
Opencast :: jacoco-reports/opencast-composer-service-api,org.opencastproject.composer.api,LaidOutElement,0,15,0,0,0,6,0,3,0,3
Opencast :: jacoco-reports/opencast-composer-service-api,org.opencastproject.composer.api,EncodingProfileImpl,73,270,11,17,21,63,16,28,6,24
Opencast :: jacoco-reports/opencast-composer-service-api,org.opencastproject.composer.api,EncoderException,0,13,0,0,0,6,0,3,0,3
Opencast :: jacoco-reports/opencast-composer-service-api,org.opencastproject.composer.api,EncodingProfileList,42,30,9,5,15,10,11,2,4,2
Opencast :: jacoco-reports/opencast-composer-service-api,org.opencastproject.composer.api,VideoClip,25,74,0,0,5,19,4,10,4,10
Opencast :: jacoco-reports/opencast-composer-service-remote,org.opencastproject.composer.remote,ComposerServiceRemoteImpl,1830,0,58,0,379,0,57,0,28,0
Opencast :: jacoco-reports/opencast-composer-workflowoperation,org.opencastproject.workflow.handler.composer,SanitizeAdaptiveWorkflowOperationHandler,53,217,5,11,14,51,4,12,0,8
Opencast :: jacoco-reports/opencast-composer-workflowoperation,org.opencastproject.workflow.handler.composer,ProcessSmilWorkflowOperationHandler.JobInformation,3,45,0,0,1,16,1,6,1,6
Opencast :: jacoco-reports/opencast-composer-workflowoperation,org.opencastproject.workflow.handler.composer,ImageWorkflowOperationHandler.Cfg,0,27,0,0,0,10,0,1,0,1
Opencast :: jacoco-reports/opencast-composer-workflowoperation,org.opencastproject.workflow.handler.composer,SelectStreamsWorkflowOperationHandler.MuxResult,51,0,0,0,13,0,5,0,5,0
Opencast :: jacoco-reports/opencast-composer-workflowoperation,org.opencastproject.workflow.handler.composer,ProcessSmilWorkflowOperationHandler,195,1043,34,130,46,205,33,70,1,20
Opencast :: jacoco-reports/opencast-composer-workflowoperation,org.opencastproject.workflow.handler.composer,ProcessSmilWorkflowOperationHandler.TrackSection,10,63,4,6,4,21,4,8,0,7
Opencast :: jacoco-reports/opencast-composer-workflowoperation,org.opencastproject.workflow.handler.composer,ImageWorkflowOperationHandler.PositionType,0,15,0,0,0,2,0,1,0,1
Opencast :: jacoco-reports/opencast-composer-workflowoperation,org.opencastproject.workflow.handler.composer,ConcatWorkflowOperationHandler.SourceType,0,21,0,0,0,2,0,1,0,1
Opencast :: jacoco-reports/opencast-composer-workflowoperation,org.opencastproject.workflow.handler.composer,ImageToVideoWorkflowOperationHandler,47,233,7,7,10,56,8,14,2,13
Opencast :: jacoco-reports/opencast-composer-workflowoperation,org.opencastproject.workflow.handler.composer,SelectStreamsWorkflowOperationHandler.SubTrack,15,0,0,0,2,0,1,0,1,0
Opencast :: jacoco-reports/opencast-composer-workflowoperation,org.opencastproject.workflow.handler.composer,SelectStreamsWorkflowOperationHandler,1045,0,128,0,198,0,97,0,33,0
Opencast :: jacoco-reports/opencast-composer-workflowoperation,org.opencastproject.workflow.handler.composer,MultiEncodeWorkflowOperationHandler.ElementProfileTagFlavor,12,86,1,3,3,25,3,9,2,8
Opencast :: jacoco-reports/opencast-composer-workflowoperation,org.opencastproject.workflow.handler.composer,ImageWorkflowOperationHandler.Extraction,15,0,0,0,6,0,1,0,1,0
Opencast :: jacoco-reports/opencast-composer-workflowoperation,org.opencastproject.workflow.handler.composer,EncodeWorkflowOperationHandler,439,0,50,0,99,0,32,0,7,0
Opencast :: jacoco-reports/opencast-composer-workflowoperation,org.opencastproject.workflow.handler.composer,SanitizeAdaptiveWorkflowOperationHandler.new Function() {...},11,15,0,0,4,4,0,2,0,2
Opencast :: jacoco-reports/opencast-composer-workflowoperation,org.opencastproject.workflow.handler.composer,MultiEncodeWorkflowOperationHandler,167,695,35,103,28,150,32,53,1,15
Opencast :: jacoco-reports/opencast-composer-workflowoperation,org.opencastproject.workflow.handler.composer,SanitizeAdaptiveWorkflowOperationHandler.new Function() {...},8,12,0,0,3,2,0,2,0,2
Opencast :: jacoco-reports/opencast-composer-workflowoperation,org.opencastproject.workflow.handler.composer,SegmentPreviewsWorkflowOperationHandler,584,0,60,0,142,0,40,0,10,0
Opencast :: jacoco-reports/opencast-composer-workflowoperation,org.opencastproject.workflow.handler.composer,PrepareAVWorkflowOperationHandler,604,0,78,0,143,0,49,0,9,0
Opencast :: jacoco-reports/opencast-composer-workflowoperation,org.opencastproject.workflow.handler.composer,CompositeWorkflowOperationHandler.CompositeSettings,151,473,26,34,36,108,29,25,3,21
Opencast :: jacoco-reports/opencast-composer-workflowoperation,org.opencastproject.workflow.handler.composer,SelectStreamsWorkflowOperationHandler.AudioMuxing,29,0,0,0,4,0,3,0,3,0
Opencast :: jacoco-reports/opencast-composer-workflowoperation,org.opencastproject.workflow.handler.composer,ImageWorkflowOperationHandler.MediaPosition,37,38,5,5,4,6,8,3,3,3
Opencast :: jacoco-reports/opencast-composer-workflowoperation,org.opencastproject.workflow.handler.composer,ImageWorkflowOperationHandler,649,200,51,27,143,35,49,19,20,8
Opencast :: jacoco-reports/opencast-composer-workflowoperation,org.opencastproject.workflow.handler.composer,SelectStreamsWorkflowOperationHandler.TrackJobResult,9,0,0,0,4,0,1,0,1,0
Opencast :: jacoco-reports/opencast-composer-workflowoperation,org.opencastproject.workflow.handler.composer,ImageConvertWorkflowOperationHandler,94,316,12,24,23,74,11,14,0,7
Opencast :: jacoco-reports/opencast-composer-workflowoperation,org.opencastproject.workflow.handler.composer,SelectStreamsWorkflowOperationHandler.AugmentedTrack,86,0,4,0,18,0,9,0,7,0
Opencast :: jacoco-reports/opencast-composer-workflowoperation,org.opencastproject.workflow.handler.composer,CompositeWorkflowOperationHandler,413,488,48,32,89,111,35,15,1,9
Opencast :: jacoco-reports/opencast-composer-workflowoperation,org.opencastproject.workflow.handler.composer,MultiEncodeWorkflowOperationHandler.JobInformation,0,31,0,0,0,11,0,5,0,5
Opencast :: jacoco-reports/opencast-composer-workflowoperation,org.opencastproject.workflow.handler.composer,ImageWorkflowOperationHandler.MediaPositionParser,9,111,5,27,2,30,5,13,1,1
Opencast :: jacoco-reports/opencast-composer-workflowoperation,org.opencastproject.workflow.handler.composer,MuxWorkflowOperationHandler,500,0,44,0,94,0,32,0,10,0
Opencast :: jacoco-reports/opencast-composer-workflowoperation,org.opencastproject.workflow.handler.composer,ConcatWorkflowOperationHandler,123,807,23,99,28,169,22,49,0,10
Opencast :: jacoco-reports/opencast-composer-workflowoperation,org.opencastproject.workflow.handler.composer,PartialImportWorkflowOperationHandler,2206,409,177,45,421,81,118,31,22,16
Opencast :: jacoco-reports/opencast-composer-workflowoperation,org.opencastproject.workflow.handler.composer,DemuxWorkflowOperationHandler,102,338,18,24,18,74,16,13,0,8
Opencast :: jacoco-reports/opencast-composer-workflowoperation,org.opencastproject.workflow.handler.composer,ProcessSmilWorkflowOperationHandler.ResultTally,0,15,0,0,0,6,0,3,0,3
Opencast :: jacoco-reports/opencast-composer-workflowoperation,org.opencastproject.workflow.handler.composer,EncodeWorkflowOperationHandler.JobInformation,21,0,0,0,8,0,3,0,3,0
Opencast :: jacoco-reports/opencast-conductor,org.opencastproject.event.handler,OaiPmhUpdatedEventHandler,56,231,6,14,17,56,11,8,5,4
Opencast :: jacoco-reports/opencast-conductor,org.opencastproject.event.handler,SearchUpdatedEventHandler,540,0,38,0,117,0,33,0,14,0
Opencast :: jacoco-reports/opencast-conductor,org.opencastproject.event.handler,ConductingEpisodeUpdatedEventHandler,51,0,8,0,18,0,11,0,7,0
Opencast :: jacoco-reports/opencast-conductor,org.opencastproject.event.handler,AssetManagerUpdatedEventHandler,412,0,28,0,99,0,25,0,11,0
Opencast :: jacoco-reports/opencast-conductor,org.opencastproject.event.handler,ConductingSeriesUpdatedEventHandler,61,0,8,0,18,0,11,0,7,0
Opencast :: jacoco-reports/opencast-cover-image-api,org.opencastproject.coverimage,CoverImageException,8,5,0,0,4,2,2,1,2,1
Opencast :: jacoco-reports/opencast-cover-image-impl,org.opencastproject.coverimage.impl,AbstractCoverImageService,315,107,5,9,73,28,9,7,6,3
Opencast :: jacoco-reports/opencast-cover-image-impl,org.opencastproject.coverimage.impl,CoverImageServiceOsgiImpl,46,0,0,0,19,0,12,0,12,0
Opencast :: jacoco-reports/opencast-cover-image-impl,org.opencastproject.coverimage.impl,AbstractCoverImageService.Operation,9,0,0,0,2,0,1,0,1,0
Opencast :: jacoco-reports/opencast-cover-image-impl,org.opencastproject.coverimage.impl.endpoint,CoverImageEndpoint,60,0,2,0,17,0,9,0,8,0
Opencast :: jacoco-reports/opencast-cover-image-impl,org.opencastproject.coverimage.impl.xsl,XsltHelper,0,62,0,18,0,12,0,10,0,1
Opencast :: jacoco-reports/opencast-cover-image-remote,org.opencastproject.coverimage.remote,CoverImageServiceRemoteImpl,129,0,2,0,30,0,6,0,5,0
Opencast :: jacoco-reports/opencast-cover-image-workflowoperation,org.opencastproject.workflow.handler.coverimage,CoverImageWorkflowOperationHandler,38,9,0,0,16,3,10,2,10,2
Opencast :: jacoco-reports/opencast-cover-image-workflowoperation,org.opencastproject.workflow.handler.coverimage,CoverImageWorkflowOperationHandlerBase,709,82,45,8,165,24,32,7,6,4
Opencast :: jacoco-reports/opencast-crop-api,org.opencastproject.crop.api,CropException,4,5,0,0,2,2,1,1,1,1
Opencast :: jacoco-reports/opencast-crop-ffmpeg,org.opencastproject.crop.endpoint,CropRestEndpoint,81,0,6,0,26,0,11,0,8,0
Opencast :: jacoco-reports/opencast-crop-ffmpeg,org.opencastproject.crop.impl,CropServiceImpl,241,489,18,22,68,122,17,20,1,16
Opencast :: jacoco-reports/opencast-crop-ffmpeg,org.opencastproject.crop.impl,CropServiceImpl.Operation,0,9,0,0,0,2,0,1,0,1
Opencast :: jacoco-reports/opencast-crop-remote,org.opencastproject.crop.remote,CropServiceRemoteImpl,94,0,2,0,25,0,6,0,5,0
Opencast :: jacoco-reports/opencast-crop-workflowoperation,org.opencastproject.workflow.handler.crop,CropWorkflowOperationHandler,50,212,3,13,10,50,3,12,0,7
Opencast :: jacoco-reports/opencast-db,org.opencastproject.db,Activator,504,0,50,0,124,0,34,0,9,0
Opencast :: jacoco-reports/opencast-dictionary-none,org.opencastproject.dictionary.none,DictionaryServiceImpl,19,8,0,0,4,2,1,2,1,2
Opencast :: jacoco-reports/opencast-dictionary-regexp,org.opencastproject.dictionary.regexp,DictionaryServiceImpl,41,73,4,4,10,22,4,7,2,5
Opencast :: jacoco-reports/opencast-distribution-service-api,org.opencastproject.distribution.api,DistributionException,13,0,0,0,6,0,3,0,3,0
Opencast :: jacoco-reports/opencast-distribution-service-api,org.opencastproject.distribution.api,AbstractDistributionService,3,67,0,0,1,27,1,11,1,11
Opencast :: jacoco-reports/opencast-distribution-service-aws-s3,org.opencastproject.distribution.aws.s3.endpoint,AwsS3DistributionRestService,298,0,2,0,64,0,12,0,11,0
Opencast :: jacoco-reports/opencast-distribution-service-aws-s3,org.opencastproject.distribution.aws.s3.endpoint,AwsS3DistributionRestService.new TypeToken() {...},3,0,0,0,1,0,1,0,1,0
Opencast :: jacoco-reports/opencast-distribution-service-aws-s3,org.opencastproject.distribution.aws.s3.endpoint,AwsS3DistributionRestService.new TypeToken() {...},3,0,0,0,1,0,1,0,1,0
Opencast :: jacoco-reports/opencast-distribution-service-aws-s3,org.opencastproject.distribution.aws.s3.endpoint,AwsS3DistributionRestService.new TypeToken() {...},3,0,0,0,1,0,1,0,1,0
Opencast :: jacoco-reports/opencast-distribution-service-aws-s3,org.opencastproject.distribution.aws.s3.endpoint,AwsS3DistributionRestService.new TypeToken() {...},3,0,0,0,1,0,1,0,1,0
Opencast :: jacoco-reports/opencast-distribution-service-aws-s3,org.opencastproject.distribution.aws.s3,AwsS3DistributionServiceImpl,974,947,60,33,215,194,51,45,15,34
Opencast :: jacoco-reports/opencast-distribution-service-aws-s3,org.opencastproject.distribution.aws.s3,PresignedUrlMediaPackageSerializer,44,0,2,0,15,0,7,0,6,0
Opencast :: jacoco-reports/opencast-distribution-service-aws-s3,org.opencastproject.distribution.aws.s3,AwsS3DistributionServiceImpl.Operation,0,15,0,0,0,2,0,1,0,1
Opencast :: jacoco-reports/opencast-distribution-service-aws-s3,org.opencastproject.distribution.aws.s3,AwsS3DistributionServiceImpl.new TypeToken() {...},3,0,0,0,1,0,1,0,1,0
Opencast :: jacoco-reports/opencast-distribution-service-aws-s3-remote,org.opencastproject.distribution.aws.s3.remote,AwsS3DistributionServiceRemoteImpl,434,0,8,0,66,0,20,0,16,0
Opencast :: jacoco-reports/opencast-distribution-service-download,org.opencastproject.distribution.download.endpoint,DownloadDistributionRestService.new TypeToken() {...},3,0,0,0,1,0,1,0,1,0
Opencast :: jacoco-reports/opencast-distribution-service-download,org.opencastproject.distribution.download.endpoint,DownloadDistributionRestService.new TypeToken() {...},3,0,0,0,1,0,1,0,1,0
Opencast :: jacoco-reports/opencast-distribution-service-download,org.opencastproject.distribution.download.endpoint,DownloadDistributionRestService,221,0,2,0,57,0,12,0,11,0
Opencast :: jacoco-reports/opencast-distribution-service-download,org.opencastproject.distribution.download.endpoint,DownloadDistributionRestService.new TypeToken() {...},3,0,0,0,1,0,1,0,1,0
Opencast :: jacoco-reports/opencast-distribution-service-download,org.opencastproject.distribution.download.endpoint,DownloadDistributionRestService.new TypeToken() {...},3,0,0,0,1,0,1,0,1,0
Opencast :: jacoco-reports/opencast-distribution-service-download,org.opencastproject.distribution.download,DownloadDistributionServiceImpl.Operation,0,15,0,0,0,2,0,1,0,1
Opencast :: jacoco-reports/opencast-distribution-service-download,org.opencastproject.distribution.download,DownloadDistributionServiceImpl.new SimpleFileVisitor() {...},14,47,6,4,3,8,4,3,0,2
Opencast :: jacoco-reports/opencast-distribution-service-download,org.opencastproject.distribution.download,DownloadDistributionServiceImpl.new TypeToken() {...},0,3,0,0,0,1,0,1,0,1
Opencast :: jacoco-reports/opencast-distribution-service-download,org.opencastproject.distribution.download,DownloadDistributionServiceImpl,576,1265,23,62,112,241,32,57,12,34
Opencast :: jacoco-reports/opencast-distribution-service-download-remote,org.opencastproject.distribution.download.remote,DownloadDistributionServiceRemoteImpl,444,0,8,0,67,0,20,0,16,0
Opencast :: jacoco-reports/opencast-distribution-service-streaming-remote,org.opencastproject.distribution.streaming.remote,StreamingDistributionServiceRemoteImpl,443,0,12,0,74,0,21,0,15,0
Opencast :: jacoco-reports/opencast-distribution-service-streaming-wowza,org.opencastproject.distribution.streaming.wowza,WowzaStreamingDistributionService.Operation,0,15,0,0,0,2,0,1,0,1
Opencast :: jacoco-reports/opencast-distribution-service-streaming-wowza,org.opencastproject.distribution.streaming.wowza,WowzaStreamingDistributionService.new TypeToken() {...},0,3,0,0,0,1,0,1,0,1
Opencast :: jacoco-reports/opencast-distribution-service-streaming-wowza,org.opencastproject.distribution.streaming.wowza,WowzaStreamingDistributionService,1494,587,155,36,326,136,115,28,25,19
Opencast :: jacoco-reports/opencast-distribution-service-streaming-wowza,org.opencastproject.distribution.streaming.wowza.endpoint,WowzaStreamingDistributionRestService,268,0,14,0,62,0,19,0,12,0
Opencast :: jacoco-reports/opencast-distribution-service-streaming-wowza,org.opencastproject.distribution.streaming.wowza.endpoint,WowzaStreamingDistributionRestService.new TypeToken() {...},3,0,0,0,1,0,1,0,1,0
Opencast :: jacoco-reports/opencast-distribution-service-streaming-wowza,org.opencastproject.distribution.streaming.wowza.endpoint,WowzaStreamingDistributionRestService.new TypeToken() {...},3,0,0,0,1,0,1,0,1,0
Opencast :: jacoco-reports/opencast-distribution-service-streaming-wowza,org.opencastproject.distribution.streaming.wowza.endpoint,WowzaStreamingDistributionRestService.new TypeToken() {...},3,0,0,0,1,0,1,0,1,0
Opencast :: jacoco-reports/opencast-distribution-service-streaming-wowza,org.opencastproject.distribution.streaming.wowza.endpoint,WowzaStreamingDistributionRestService.new TypeToken() {...},3,0,0,0,1,0,1,0,1,0
Opencast :: jacoco-reports/opencast-distribution-workflowoperation,org.opencastproject.workflow.handler.distribution,RetractYouTubeWorkflowOperationHandler,98,0,4,0,27,0,8,0,6,0
Opencast :: jacoco-reports/opencast-distribution-workflowoperation,org.opencastproject.workflow.handler.distribution,RetractEngageAWSS3WorkflowOperationHandler,19,0,0,0,9,0,5,0,5,0
Opencast :: jacoco-reports/opencast-distribution-workflowoperation,org.opencastproject.workflow.handler.distribution,PublishEngageWorkflowOperationHandler,634,868,102,74,139,192,73,34,4,15
Opencast :: jacoco-reports/opencast-distribution-workflowoperation,org.opencastproject.workflow.handler.distribution,ConfigurableWorkflowOperationHandlerBase,218,196,26,20,29,36,22,8,0,7
Opencast :: jacoco-reports/opencast-distribution-workflowoperation,org.opencastproject.workflow.handler.distribution,PublishOaiPmhWorkflowOperationHandler,511,0,50,0,106,0,32,0,7,0
Opencast :: jacoco-reports/opencast-distribution-workflowoperation,org.opencastproject.workflow.handler.distribution,PartialRetractEngageWorkflowOperationHandler,377,0,32,0,86,0,26,0,10,0
Opencast :: jacoco-reports/opencast-distribution-workflowoperation,org.opencastproject.workflow.handler.distribution,ConfigurablePublishWorkflowOperationHandler,322,624,50,45,54,127,41,20,3,10
Opencast :: jacoco-reports/opencast-distribution-workflowoperation,org.opencastproject.workflow.handler.distribution,ConfigurableAWSS3PublishWorkflowOperationHandler,19,0,0,0,9,0,5,0,5,0
Opencast :: jacoco-reports/opencast-distribution-workflowoperation,org.opencastproject.workflow.handler.distribution,ConfigurableAWSS3RetractWorkflowOperationHandler,11,0,0,0,5,0,3,0,3,0
Opencast :: jacoco-reports/opencast-distribution-workflowoperation,org.opencastproject.workflow.handler.distribution,ConfigurableRetractWorkflowOperationHandler,84,0,8,0,24,0,12,0,8,0
Opencast :: jacoco-reports/opencast-distribution-workflowoperation,org.opencastproject.workflow.handler.distribution,RetractEngageWorkflowOperationHandler,205,0,14,0,51,0,16,0,9,0
Opencast :: jacoco-reports/opencast-distribution-workflowoperation,org.opencastproject.workflow.handler.distribution,TagEngageWorkflowOperationHandler,308,0,26,0,72,0,20,0,7,0
Opencast :: jacoco-reports/opencast-distribution-workflowoperation,org.opencastproject.workflow.handler.distribution,PartialRetractEngageAWSS3WorkflowOperationHandler,15,0,0,0,7,0,4,0,4,0
Opencast :: jacoco-reports/opencast-distribution-workflowoperation,org.opencastproject.workflow.handler.distribution,RetractOaiPmhWorkflowOperationHandler,113,0,6,0,30,0,9,0,6,0
Opencast :: jacoco-reports/opencast-distribution-workflowoperation,org.opencastproject.workflow.handler.distribution,PublishYouTubeWorkflowOperationHandler,227,0,24,0,57,0,17,0,5,0
Opencast :: jacoco-reports/opencast-distribution-workflowoperation,org.opencastproject.workflow.handler.distribution,PublishEngageAWSS3WorkflowOperationHandler,23,0,0,0,11,0,6,0,6,0
Opencast :: jacoco-reports/opencast-distribution-workflowoperation,org.opencastproject.workflow.handler.distribution,RepublishOaiPmhWorkflowOperationHandler,155,0,6,0,35,0,9,0,6,0
Opencast :: jacoco-reports/opencast-dublincore,org.opencastproject.metadata.dublincore,Precision,0,39,0,0,0,2,0,1,0,1
Opencast :: jacoco-reports/opencast-dublincore,org.opencastproject.metadata.dublincore,DublinCoreCatalog.new Predicate() {...},0,19,0,0,0,2,0,2,0,2
Opencast :: jacoco-reports/opencast-dublincore,org.opencastproject.metadata.dublincore,StaticMetadataServiceDublinCoreImpl,144,260,17,3,44,62,18,9,8,9
Opencast :: jacoco-reports/opencast-dublincore,org.opencastproject.metadata.dublincore,MetadataJson,352,543,65,69,82,134,48,43,1,13
Opencast :: jacoco-reports/opencast-dublincore,org.opencastproject.metadata.dublincore,MetadataField,108,458,13,24,16,115,15,40,2,32
Opencast :: jacoco-reports/opencast-dublincore,org.opencastproject.metadata.dublincore,OpencastMetadataCodec.new Function() {...},3,3,0,0,1,1,1,1,1,1
Opencast :: jacoco-reports/opencast-dublincore,org.opencastproject.metadata.dublincore,OpencastMetadataCodec.new Function() {...},4,3,0,0,1,1,1,1,1,1
Opencast :: jacoco-reports/opencast-dublincore,org.opencastproject.metadata.dublincore,DublinCoreUtil,17,155,0,4,5,30,0,11,0,9
Opencast :: jacoco-reports/opencast-dublincore,org.opencastproject.metadata.dublincore,OpencastMetadataCodec.new Function() {...},3,3,0,0,1,1,1,1,1,1
Opencast :: jacoco-reports/opencast-dublincore,org.opencastproject.metadata.dublincore,DublinCoreGsonAdapter,23,0,0,0,7,0,3,0,3,0
Opencast :: jacoco-reports/opencast-dublincore,org.opencastproject.metadata.dublincore,MetadataField.Type,0,69,0,0,0,2,0,1,0,1
Opencast :: jacoco-reports/opencast-dublincore,org.opencastproject.metadata.dublincore,OpencastDctermsDublinCore.Episode,19,4,0,0,7,2,4,1,4,1
Opencast :: jacoco-reports/opencast-dublincore,org.opencastproject.metadata.dublincore,DublinCoreValue,39,100,4,8,2,15,6,13,2,11
Opencast :: jacoco-reports/opencast-dublincore,org.opencastproject.metadata.dublincore,MetadataList,17,80,0,0,3,15,2,9,2,9
Opencast :: jacoco-reports/opencast-dublincore,org.opencastproject.metadata.dublincore,MetadataJson.JsonType,0,51,0,0,0,2,0,1,0,1
Opencast :: jacoco-reports/opencast-dublincore,org.opencastproject.metadata.dublincore,Temporal,15,23,3,3,3,6,3,3,0,3
Opencast :: jacoco-reports/opencast-dublincore,org.opencastproject.metadata.dublincore,DublinCoreCatalogService,124,174,18,14,30,37,16,9,3,6
Opencast :: jacoco-reports/opencast-dublincore,org.opencastproject.metadata.dublincore,StaticMetadataServiceDublinCoreImpl.new StaticMetadata() {...},106,60,12,0,29,2,25,2,19,2
Opencast :: jacoco-reports/opencast-dublincore,org.opencastproject.metadata.dublincore,StaticMetadataServiceDublinCoreImpl.new Temporal.Match() {...},10,0,0,0,4,0,4,0,4,0
Opencast :: jacoco-reports/opencast-dublincore,org.opencastproject.metadata.dublincore,DublinCoreCatalog.new Function() {...},0,11,0,0,0,2,0,2,0,2
Opencast :: jacoco-reports/opencast-dublincore,org.opencastproject.metadata.dublincore,Temporal.new Temporal() {...},3,11,0,0,1,2,1,2,1,2
Opencast :: jacoco-reports/opencast-dublincore,org.opencastproject.metadata.dublincore,Temporal.new Temporal() {...},3,11,0,0,1,2,1,2,1,2
Opencast :: jacoco-reports/opencast-dublincore,org.opencastproject.metadata.dublincore,DublinCoreCatalog.new Closure() {...},0,36,0,6,0,6,0,5,0,2
Opencast :: jacoco-reports/opencast-dublincore,org.opencastproject.metadata.dublincore,DublinCoreCatalog.new Transformer() {...},0,7,0,0,0,2,0,2,0,2
Opencast :: jacoco-reports/opencast-dublincore,org.opencastproject.metadata.dublincore,Temporal.new Temporal() {...},3,11,0,0,1,2,1,2,1,2
Opencast :: jacoco-reports/opencast-dublincore,org.opencastproject.metadata.dublincore,OpencastMetadataCodec,21,17,0,0,5,4,5,2,5,2
Opencast :: jacoco-reports/opencast-dublincore,org.opencastproject.metadata.dublincore,DublinCoreByteFormat,15,0,2,0,4,0,2,0,1,0
Opencast :: jacoco-reports/opencast-dublincore,org.opencastproject.metadata.dublincore,MetadataParsingException,5,0,0,0,2,0,1,0,1,0
Opencast :: jacoco-reports/opencast-dublincore,org.opencastproject.metadata.dublincore,MetadataList.TitledMetadataCollection,0,15,0,0,0,6,0,3,0,3
Opencast :: jacoco-reports/opencast-dublincore,org.opencastproject.metadata.dublincore,DublinCoreJsonFormat,3,258,1,23,1,54,1,15,0,4
Opencast :: jacoco-reports/opencast-dublincore,org.opencastproject.metadata.dublincore,DublinCoreCatalogService.new Comparator() {...},2,10,1,1,1,3,1,2,0,2
Opencast :: jacoco-reports/opencast-dublincore,org.opencastproject.metadata.dublincore,DublinCore,0,403,0,0,0,67,0,1,0,1
Opencast :: jacoco-reports/opencast-dublincore,org.opencastproject.metadata.dublincore,DublinCoreCatalog,44,850,18,83,10,195,19,79,2,44
Opencast :: jacoco-reports/opencast-dublincore,org.opencastproject.metadata.dublincore,DCMIPeriod,46,60,12,14,5,15,9,14,2,8
Opencast :: jacoco-reports/opencast-dublincore,org.opencastproject.metadata.dublincore,MetadataList.Locked,0,28,0,0,0,6,0,3,0,3
Opencast :: jacoco-reports/opencast-dublincore,org.opencastproject.metadata.dublincore,DublinCoreXmlFormat,44,298,5,13,16,64,9,21,4,17
Opencast :: jacoco-reports/opencast-dublincore,org.opencastproject.metadata.dublincore,OpencastDctermsDublinCore.Series,0,4,0,0,0,2,0,1,0,1
Opencast :: jacoco-reports/opencast-dublincore,org.opencastproject.metadata.dublincore,OpencastDctermsDublinCore,487,19,22,0,156,6,91,4,80,4
Opencast :: jacoco-reports/opencast-dublincore,org.opencastproject.metadata.dublincore,DublinCores,21,134,0,2,6,30,0,10,0,9
Opencast :: jacoco-reports/opencast-dublincore,org.opencastproject.metadata.dublincore,DublinCoreCatalogList,147,187,5,7,34,42,6,9,3,6
Opencast :: jacoco-reports/opencast-dublincore,org.opencastproject.metadata.dublincore,DublinCoreMetadataCollection,120,405,24,48,29,104,20,40,0,21
Opencast :: jacoco-reports/opencast-dublincore,org.opencastproject.metadata.dublincore,EncodingSchemeUtils,119,412,27,51,32,102,26,32,5,14
Opencast :: jacoco-reports/opencast-dublincore,org.opencastproject.metadata.dublincore,OpencastDctermsDublinCore.new Temporal.Match() {...},21,0,0,0,6,0,4,0,4,0
Opencast :: jacoco-reports/opencast-editor-service,org.opencastproject.editor,EditorLock,76,14,10,0,17,3,9,1,4,1
Opencast :: jacoco-reports/opencast-editor-service,org.opencastproject.editor,EditorLock.new CacheLoader() {...},5,3,0,0,1,1,1,1,1,1
Opencast :: jacoco-reports/opencast-editor-service,org.opencastproject.editor,EditorServiceImpl,1974,603,151,31,413,138,133,23,51,14
Opencast :: jacoco-reports/opencast-editor-service,org.opencastproject.editor,EditorServiceEndpoint,7,0,0,0,3,0,2,0,2,0
Opencast :: jacoco-reports/opencast-editor-service-api,org.opencastproject.editor.api,EditingData,73,57,1,3,22,11,5,6,4,5
Opencast :: jacoco-reports/opencast-editor-service-api,org.opencastproject.editor.api,EditorRestEndpointBase,216,0,10,0,56,0,16,0,9,0
Opencast :: jacoco-reports/opencast-editor-service-api,org.opencastproject.editor.api,TrackSubData,15,0,0,0,6,0,2,0,2,0
Opencast :: jacoco-reports/opencast-editor-service-api,org.opencastproject.editor.api,SeriesData,9,0,0,0,4,0,1,0,1,0
Opencast :: jacoco-reports/opencast-editor-service-api,org.opencastproject.editor.api,ErrorStatus,63,0,0,0,3,0,1,0,1,0
Opencast :: jacoco-reports/opencast-editor-service-api,org.opencastproject.editor.api,EditingData.Subtitle,34,0,0,0,12,0,6,0,6,0
Opencast :: jacoco-reports/opencast-editor-service-api,org.opencastproject.editor.api,WorkflowData,15,3,0,0,6,1,1,1,1,1
Opencast :: jacoco-reports/opencast-editor-service-api,org.opencastproject.editor.api,TrackData,55,0,2,0,16,0,7,0,6,0
Opencast :: jacoco-reports/opencast-editor-service-api,org.opencastproject.editor.api,EditorServiceException,24,0,0,0,8,0,3,0,3,0
Opencast :: jacoco-reports/opencast-editor-service-api,org.opencastproject.editor.api,SegmentData,27,73,5,7,4,17,7,6,2,5
Opencast :: jacoco-reports/opencast-editor-service-api,org.opencastproject.editor.api,LockData,51,0,2,0,15,0,7,0,6,0
Opencast :: jacoco-reports/opencast-editor-service-remote,org.opencastproject.editor.remote,EditorServiceRemoteImpl,433,0,32,0,84,0,31,0,14,0
Opencast :: jacoco-reports/opencast-editor-service-remote,org.opencastproject.editor.remote,EditorServiceRemoteEndpoint,7,0,0,0,3,0,2,0,2,0
Opencast :: jacoco-reports/opencast-elasticsearch-api,org.opencastproject.elasticsearch.api,SearchTerms.Quantifier,15,0,0,0,2,0,1,0,1,0
Opencast :: jacoco-reports/opencast-elasticsearch-api,org.opencastproject.elasticsearch.api,SearchIndexException,13,0,0,0,6,0,3,0,3,0
Opencast :: jacoco-reports/opencast-elasticsearch-impl,org.opencastproject.elasticsearch.impl,AbstractElasticsearchIndex,1249,28,105,0,289,9,78,2,25,2
Opencast :: jacoco-reports/opencast-elasticsearch-impl,org.opencastproject.elasticsearch.impl,SearchMetadataCollection,285,0,30,0,67,0,37,0,22,0
Opencast :: jacoco-reports/opencast-elasticsearch-impl,org.opencastproject.elasticsearch.impl,ElasticsearchDocument,200,0,22,0,43,0,15,0,4,0
Opencast :: jacoco-reports/opencast-elasticsearch-impl,org.opencastproject.elasticsearch.impl,AbstractElasticsearchQueryBuilder.ValueGroup,43,0,4,0,10,0,7,0,5,0
Opencast :: jacoco-reports/opencast-elasticsearch-impl,org.opencastproject.elasticsearch.impl,TestUtils,11,0,0,0,3,0,2,0,2,0
Opencast :: jacoco-reports/opencast-elasticsearch-impl,org.opencastproject.elasticsearch.impl,SearchResultItemImpl,41,18,6,0,11,7,9,2,6,2
Opencast :: jacoco-reports/opencast-elasticsearch-impl,org.opencastproject.elasticsearch.impl,SearchTermsImpl,63,0,6,0,14,0,9,0,6,0
Opencast :: jacoco-reports/opencast-elasticsearch-impl,org.opencastproject.elasticsearch.impl,SearchResultImpl,60,79,7,5,14,21,13,6,9,4
Opencast :: jacoco-reports/opencast-elasticsearch-impl,org.opencastproject.elasticsearch.impl,AbstractElasticsearchQueryBuilder,312,0,26,0,73,0,31,0,18,0
Opencast :: jacoco-reports/opencast-elasticsearch-impl,org.opencastproject.elasticsearch.impl,SearchMetadataImpl,159,0,28,0,45,0,28,0,14,0
Opencast :: jacoco-reports/opencast-elasticsearch-impl,org.opencastproject.elasticsearch.impl,AbstractSearchQuery,239,89,32,4,54,26,31,9,14,8
Opencast :: jacoco-reports/opencast-elasticsearch-impl,org.opencastproject.elasticsearch.impl,AbstractElasticsearchQueryBuilder.DateRange,58,0,8,0,14,0,8,0,4,0
Opencast :: jacoco-reports/opencast-elasticsearch-index,org.opencastproject.elasticsearch.index.objects.series,Series.new MappedXMLStreamWriter() {...},8,11,0,0,4,3,3,2,3,2
Opencast :: jacoco-reports/opencast-elasticsearch-index,org.opencastproject.elasticsearch.index.objects.series,SeriesIndexUtils,342,0,42,0,69,0,26,0,5,0
Opencast :: jacoco-reports/opencast-elasticsearch-index,org.opencastproject.elasticsearch.index.objects.series,SeriesQueryBuilder,405,0,72,0,70,0,39,0,3,0
Opencast :: jacoco-reports/opencast-elasticsearch-index,org.opencastproject.elasticsearch.index.objects.series,SeriesSearchQuery,542,325,35,23,114,86,81,20,54,18
Opencast :: jacoco-reports/opencast-elasticsearch-index,org.opencastproject.elasticsearch.index.objects.series,Series,199,308,20,8,54,89,22,39,11,36
Opencast :: jacoco-reports/opencast-elasticsearch-index,org.opencastproject.elasticsearch.index.objects.event,Comment.new MappedXMLStreamWriter() {...},19,0,0,0,7,0,5,0,5,0
Opencast :: jacoco-reports/opencast-elasticsearch-index,org.opencastproject.elasticsearch.index.objects.event,EventQueryBuilder,799,0,126,0,123,0,66,0,3,0
Opencast :: jacoco-reports/opencast-elasticsearch-index,org.opencastproject.elasticsearch.index.objects.event,EventIndexUtils.new HashMap() {...},34,0,0,0,6,0,1,0,1,0
Opencast :: jacoco-reports/opencast-elasticsearch-index,org.opencastproject.elasticsearch.index.objects.event,Event,450,620,43,19,125,148,77,46,51,41
Opencast :: jacoco-reports/opencast-elasticsearch-index,org.opencastproject.elasticsearch.index.objects.event,EventIndexUtils,1297,69,135,5,258,14,81,4,13,2
Opencast :: jacoco-reports/opencast-elasticsearch-index,org.opencastproject.elasticsearch.index.objects.event,EventSearchQuery,787,257,20,4,184,76,123,11,112,10
Opencast :: jacoco-reports/opencast-elasticsearch-index,org.opencastproject.elasticsearch.index.objects.event,Event.new MappedXMLStreamWriter() {...},8,11,0,0,4,3,3,2,3,2
Opencast :: jacoco-reports/opencast-elasticsearch-index,org.opencastproject.elasticsearch.index.objects.event,Comment,288,0,20,0,78,0,27,0,17,0
Opencast :: jacoco-reports/opencast-elasticsearch-index,org.opencastproject.elasticsearch.index.endpoint,IndexEndpoint,366,0,12,0,90,0,27,0,21,0
Opencast :: jacoco-reports/opencast-elasticsearch-index,org.opencastproject.elasticsearch.index,ElasticsearchIndex,656,26,26,0,146,4,36,2,23,2
Opencast :: jacoco-reports/opencast-elasticsearch-index,org.opencastproject.elasticsearch.index.rebuild,IndexProducer,21,0,2,0,2,0,4,0,3,0
Opencast :: jacoco-reports/opencast-elasticsearch-index,org.opencastproject.elasticsearch.index.rebuild,IndexRebuildService.Service,0,39,0,0,0,2,0,1,0,1
Opencast :: jacoco-reports/opencast-elasticsearch-index,org.opencastproject.elasticsearch.index.rebuild,IndexRebuildService.IndexProducerListener,43,0,4,0,10,0,4,0,2,0
Opencast :: jacoco-reports/opencast-elasticsearch-index,org.opencastproject.elasticsearch.index.rebuild,IndexRebuildException,40,0,0,0,9,0,4,0,4,0
Opencast :: jacoco-reports/opencast-elasticsearch-index,org.opencastproject.elasticsearch.index.rebuild,IndexRebuildService,360,0,30,0,80,0,32,0,17,0
Opencast :: jacoco-reports/opencast-elasticsearch-index,org.opencastproject.elasticsearch.index.rebuild,IndexRebuildService.DataType,15,0,0,0,2,0,1,0,1,0
Opencast :: jacoco-reports/opencast-elasticsearch-index,org.opencastproject.elasticsearch.index.rebuild,AbstractIndexProducer,177,78,10,4,21,12,15,4,8,4
Opencast :: jacoco-reports/opencast-elasticsearch-index,org.opencastproject.elasticsearch.index.rebuild,IndexRebuildService.State,27,0,0,0,2,0,1,0,1,0
Opencast :: jacoco-reports/opencast-email-template-service-impl,org.opencastproject.email.template.impl,EmailData,17,110,0,2,2,23,1,3,1,2
Opencast :: jacoco-reports/opencast-email-template-service-impl,org.opencastproject.email.template.impl,EmailTemplateServiceImpl,31,317,9,21,12,74,11,19,2,13
Opencast :: jacoco-reports/opencast-email-template-service-impl,org.opencastproject.email.template.impl,EmailTemplateScanner,81,4,4,0,22,1,10,1,8,1
Opencast :: jacoco-reports/opencast-engage-ui,org.opencastproject.engage.ui,PlayerRedirect,0,70,0,2,0,17,0,5,0,4
Opencast :: jacoco-reports/opencast-event-comment,org.opencastproject.event.comment.list,EventCommentsListProvider.RESOLUTION,21,0,0,0,2,0,1,0,1,0
Opencast :: jacoco-reports/opencast-event-comment,org.opencastproject.event.comment.list,EventCommentsListProvider,143,0,10,0,29,0,14,0,9,0
Opencast :: jacoco-reports/opencast-event-comment,org.opencastproject.event.comment.list,EventCommentsListProvider.CommentsFilterList,15,0,0,0,2,0,1,0,1,0
Opencast :: jacoco-reports/opencast-event-comment,org.opencastproject.event.comment.persistence,EventCommentDatabaseServiceImpl,602,201,32,6,131,48,32,16,15,14
Opencast :: jacoco-reports/opencast-event-comment,org.opencastproject.event.comment.persistence,EventCommentDatabaseServiceImpl.new Function() {...},8,3,2,0,1,1,2,1,1,1
Opencast :: jacoco-reports/opencast-event-comment,org.opencastproject.event.comment.persistence,EventCommentDatabaseServiceImpl.new Function() {...},13,3,4,0,1,1,3,1,1,1
Opencast :: jacoco-reports/opencast-event-comment,org.opencastproject.event.comment.persistence,EventCommentReplyDto,56,61,1,3,18,15,11,5,10,4
Opencast :: jacoco-reports/opencast-event-comment,org.opencastproject.event.comment.persistence,EventCommentDatabaseException,4,0,0,0,2,0,1,0,1,0
Opencast :: jacoco-reports/opencast-event-comment,org.opencastproject.event.comment.persistence,EventCommentDto,99,140,1,7,33,28,21,7,20,4
Opencast :: jacoco-reports/opencast-event-comment,org.opencastproject.event.comment,EventCommentReply,73,153,13,3,7,25,9,11,2,10
Opencast :: jacoco-reports/opencast-event-comment,org.opencastproject.event.comment,EventCommentParser,108,555,13,15,29,115,11,17,1,13
Opencast :: jacoco-reports/opencast-event-comment,org.opencastproject.event.comment,EventCommentServiceImpl,83,0,0,0,31,0,8,0,8,0
Opencast :: jacoco-reports/opencast-event-comment,org.opencastproject.event.comment,EventComment,63,340,13,13,8,54,16,20,4,19
Opencast :: jacoco-reports/opencast-event-comment,org.opencastproject.event.comment,EventCommentException,4,0,0,0,2,0,1,0,1,0
Opencast :: jacoco-reports/opencast-execute-api,org.opencastproject.execute.api,ExecuteException,13,0,0,0,6,0,3,0,3,0
Opencast :: jacoco-reports/opencast-execute-impl,org.opencastproject.execute.impl,ExecuteServiceImpl.Operation,15,0,0,0,2,0,1,0,1,0
Opencast :: jacoco-reports/opencast-execute-impl,org.opencastproject.execute.impl,ExecuteServiceImpl,806,381,90,31,156,82,66,15,12,8
Opencast :: jacoco-reports/opencast-execute-impl,org.opencastproject.execute.impl.endpoint,ExecuteRestEndpoint,201,0,26,0,52,0,21,0,8,0
Opencast :: jacoco-reports/opencast-execute-remote,org.opencastproject.execute.remote,ExecuteServiceRemoteImpl,281,0,12,0,62,0,12,0,6,0
Opencast :: jacoco-reports/opencast-execute-workflowoperation,org.opencastproject.execute.operation.handler,ExecuteOnceWorkflowOperationHandler,172,206,11,13,40,51,16,7,6,5
Opencast :: jacoco-reports/opencast-execute-workflowoperation,org.opencastproject.execute.operation.handler,ExecuteManyWorkflowOperationHandler,656,0,66,0,135,0,44,0,11,0
Opencast :: jacoco-reports/opencast-external-api,org.opencastproject.external.endpoint,GroupsEndpoint.new GroupsEndpoint.GroupComparator() {...},7,0,0,0,2,0,2,0,2,0
Opencast :: jacoco-reports/opencast-external-api,org.opencastproject.external.endpoint,GroupsEndpoint.new GroupsEndpoint.GroupComparator() {...},7,0,0,0,2,0,2,0,2,0
Opencast :: jacoco-reports/opencast-external-api,org.opencastproject.external.endpoint,BaseEndpoint,81,278,9,5,19,59,7,12,2,10
Opencast :: jacoco-reports/opencast-external-api,org.opencastproject.external.endpoint,WorkflowsEndpoint,146,594,11,31,28,129,13,24,2,13
Opencast :: jacoco-reports/opencast-external-api,org.opencastproject.external.endpoint,StatisticsEndpoint,442,0,34,0,110,0,40,0,22,0
Opencast :: jacoco-reports/opencast-external-api,org.opencastproject.external.endpoint,ListProviderEndpoint,74,65,7,1,15,18,5,6,1,6
Opencast :: jacoco-reports/opencast-external-api,org.opencastproject.external.endpoint,EventsEndpoint,4153,1101,485,74,860,261,317,39,37,29
Opencast :: jacoco-reports/opencast-external-api,org.opencastproject.external.endpoint,GroupsEndpoint,578,0,43,0,130,0,36,0,14,0
Opencast :: jacoco-reports/opencast-external-api,org.opencastproject.external.endpoint,EventsEndpoint.CommentResolution,21,0,0,0,2,0,1,0,1,0
Opencast :: jacoco-reports/opencast-external-api,org.opencastproject.external.endpoint,GroupsEndpoint.GroupComparator,53,0,6,0,10,0,5,0,2,0
Opencast :: jacoco-reports/opencast-external-api,org.opencastproject.external.endpoint,CaptureAgentsEndpoint,7,92,1,11,3,18,3,10,2,5
Opencast :: jacoco-reports/opencast-external-api,org.opencastproject.external.endpoint,SeriesEndpoint,1478,1368,183,78,327,302,128,42,6,27
Opencast :: jacoco-reports/opencast-external-api,org.opencastproject.external.endpoint,SecurityEndpoint,69,86,5,5,23,21,5,6,2,4
Opencast :: jacoco-reports/opencast-external-api,org.opencastproject.external.endpoint,PlaylistsEndpoint,90,302,8,12,22,67,9,16,2,13
Opencast :: jacoco-reports/opencast-external-api,org.opencastproject.external.endpoint,WorkflowDefinitionsEndpoint,226,247,30,16,46,55,25,13,6,8
Opencast :: jacoco-reports/opencast-external-api,org.opencastproject.external.userdirectory,ExternalApiRoleProvider,143,0,10,0,36,0,17,0,12,0
Opencast :: jacoco-reports/opencast-external-api,org.opencastproject.external.userdirectory,ExternalGroupLoader,189,0,10,0,48,0,14,0,9,0
Opencast :: jacoco-reports/opencast-external-api,org.opencastproject.external.util,ExternalMetadataUtils,0,80,0,4,0,25,0,4,0,2
Opencast :: jacoco-reports/opencast-external-api,org.opencastproject.external.util,SchedulingUtils,154,0,16,0,38,0,11,0,3,0
Opencast :: jacoco-reports/opencast-external-api,org.opencastproject.external.util,SchedulingUtils.SchedulingInfo,312,267,49,15,63,64,38,13,7,12
Opencast :: jacoco-reports/opencast-external-api,org.opencastproject.external.util,AclUtils,69,83,9,9,11,17,9,2,1,1
Opencast :: jacoco-reports/opencast-external-api,org.opencastproject.external.util,CaptureAgentUtils,0,76,2,4,0,12,2,2,0,1
Opencast :: jacoco-reports/opencast-external-api,org.opencastproject.external.common,ApiResponseBuilder,9,10,0,0,1,1,1,1,1,1
Opencast :: jacoco-reports/opencast-external-api,org.opencastproject.external.common,ApiVersion,13,163,5,5,3,28,4,6,0,5
Opencast :: jacoco-reports/opencast-external-api,org.opencastproject.external.common,ApiMediaType,0,184,0,32,0,35,0,21,0,5
Opencast :: jacoco-reports/opencast-external-api,org.opencastproject.external.common,ApiResponseBuilder.Json,3,70,0,0,1,13,1,8,1,8
Opencast :: jacoco-reports/opencast-external-api,org.opencastproject.external.common,ApiMediaTypeException,0,10,0,0,0,3,0,2,0,2
Opencast :: jacoco-reports/opencast-external-api,org.opencastproject.external.common,ApiFormat,0,9,0,0,0,2,0,1,0,1
Opencast :: jacoco-reports/opencast-external-api,org.opencastproject.external.util.statistics,QueryUtils.TimeSeriesParameters,69,0,4,0,24,0,10,0,8,0
Opencast :: jacoco-reports/opencast-external-api,org.opencastproject.external.util.statistics,QueryUtils.QueryResult,68,0,0,0,14,0,3,0,3,0
Opencast :: jacoco-reports/opencast-external-api,org.opencastproject.external.util.statistics,DataResolutionUtils,36,0,2,0,9,0,4,0,3,0
Opencast :: jacoco-reports/opencast-external-api,org.opencastproject.external.util.statistics,StatisticsProviderUtils,140,0,8,0,31,0,9,0,5,0
Opencast :: jacoco-reports/opencast-external-api,org.opencastproject.external.util.statistics,QueryUtils.QueryResultTimeSeries,31,0,2,0,6,0,2,0,1,0
Opencast :: jacoco-reports/opencast-external-api,org.opencastproject.external.util.statistics,QueryUtils.ExportParameters,25,0,2,0,8,0,4,0,3,0
Opencast :: jacoco-reports/opencast-external-api,org.opencastproject.external.util.statistics,ResourceTypeUtils,31,0,6,0,13,0,6,0,2,0
Opencast :: jacoco-reports/opencast-external-api,org.opencastproject.external.util.statistics,QueryUtils.Query,15,0,0,0,6,0,3,0,3,0
Opencast :: jacoco-reports/opencast-external-api,org.opencastproject.external.util.statistics,DetailLevelUtils,36,0,2,0,9,0,4,0,3,0
Opencast :: jacoco-reports/opencast-external-api,org.opencastproject.external.util.statistics,QueryUtils.Parameters,16,0,0,0,7,0,4,0,4,0
Opencast :: jacoco-reports/opencast-external-api,org.opencastproject.external.util.statistics,QueryUtils,239,0,14,0,60,0,14,0,7,0
Opencast :: jacoco-reports/opencast-graphql,org.opencastproject.graphql.playlist.type.output,GqlPlaylistEntry,1,20,1,1,0,3,1,3,0,3
Opencast :: jacoco-reports/opencast-graphql,org.opencastproject.graphql.playlist.type.output,GqlPlaylistList,71,0,6,0,12,0,7,0,4,0
Opencast :: jacoco-reports/opencast-graphql,org.opencastproject.graphql.playlist.type.output,GqlInaccessiblePlaylistEntry,9,0,0,0,4,0,2,0,2,0
Opencast :: jacoco-reports/opencast-graphql,org.opencastproject.graphql.playlist.type.output,GqlDeletePlaylistPayload,16,0,0,0,8,0,4,0,4,0
Opencast :: jacoco-reports/opencast-graphql,org.opencastproject.graphql.playlist.type.output,GqlPlaylistAccessControlEntry,0,19,0,0,0,6,0,4,0,4
Opencast :: jacoco-reports/opencast-graphql,org.opencastproject.graphql.playlist.type.output,GqlEventPlaylistEntry,19,9,2,0,4,4,2,2,1,2
Opencast :: jacoco-reports/opencast-graphql,org.opencastproject.graphql.playlist.type.output,GqlPlaylist,7,79,1,5,2,19,2,11,1,9
Opencast :: jacoco-reports/opencast-graphql,org.opencastproject.graphql.type.input,ManagedAclOrderByInput,12,0,0,0,6,0,3,0,3,0
Opencast :: jacoco-reports/opencast-graphql,org.opencastproject.graphql.type.input,AccessControlListInput,28,0,0,0,10,0,4,0,4,0
Opencast :: jacoco-reports/opencast-graphql,org.opencastproject.graphql.type.input,EventOrderByInput,69,0,0,0,25,0,13,0,13,0
Opencast :: jacoco-reports/opencast-graphql,org.opencastproject.graphql.type.input,EventStatus,84,0,0,0,15,0,3,0,3,0
Opencast :: jacoco-reports/opencast-graphql,org.opencastproject.graphql.type.input,PlaylistOrderByInput,42,0,0,0,16,0,8,0,8,0
Opencast :: jacoco-reports/opencast-graphql,org.opencastproject.graphql.type.input,SearchOrder,26,0,0,0,12,0,6,0,6,0
Opencast :: jacoco-reports/opencast-graphql,org.opencastproject.graphql.type.input,GqlCommonSeriesMetadataInput,5,0,0,0,2,0,2,0,2,0
Opencast :: jacoco-reports/opencast-graphql,org.opencastproject.graphql.type.input,EventFilterByInput,24,0,0,0,10,0,5,0,5,0
Opencast :: jacoco-reports/opencast-graphql,org.opencastproject.graphql.type.input,AccessControlItemInput,28,0,0,0,10,0,4,0,4,0
Opencast :: jacoco-reports/opencast-graphql,org.opencastproject.graphql.type.input,Mutation,5,0,0,0,2,0,2,0,2,0
Opencast :: jacoco-reports/opencast-graphql,org.opencastproject.graphql.type.input,OrderDirection,35,0,0,0,8,0,3,0,3,0
Opencast :: jacoco-reports/opencast-graphql,org.opencastproject.graphql.type.input,GqlCommonEventMetadataInput,5,0,0,0,2,0,2,0,2,0
Opencast :: jacoco-reports/opencast-graphql,org.opencastproject.graphql.type.input,SeriesOrderByInput,66,0,0,0,24,0,12,0,12,0
Opencast :: jacoco-reports/opencast-graphql,org.opencastproject.graphql.datafetcher.acl,ManagedAclOffsetDataFetcher,26,0,0,0,6,0,2,0,2,0
Opencast :: jacoco-reports/opencast-graphql,org.opencastproject.graphql.datafetcher,OffsetPaginationParams.Builder,26,0,0,0,8,0,4,0,4,0
Opencast :: jacoco-reports/opencast-graphql,org.opencastproject.graphql.datafetcher,OffsetPaginationParams,17,0,0,0,6,0,3,0,3,0
Opencast :: jacoco-reports/opencast-graphql,org.opencastproject.graphql.datafetcher,ElasticsearchDataFetcher,59,0,4,0,11,0,6,0,4,0
Opencast :: jacoco-reports/opencast-graphql,org.opencastproject.graphql.datafetcher,ParameterDataFetcher,22,0,2,0,6,0,4,0,3,0
Opencast :: jacoco-reports/opencast-graphql,org.opencastproject.graphql.datafetcher,ServiceDataFetcher,5,0,0,0,3,0,2,0,2,0
Opencast :: jacoco-reports/opencast-graphql,org.opencastproject.graphql.datafetcher,ContextDataFetcher,8,0,0,0,2,0,1,0,1,0
Opencast :: jacoco-reports/opencast-graphql,org.opencastproject.graphql.schema.builder,DynamicTypeBuilder,95,0,14,0,22,0,13,0,6,0
Opencast :: jacoco-reports/opencast-graphql,org.opencastproject.graphql.schema.builder,AdditionalTypeBuilder,38,0,4,0,11,0,7,0,5,0
Opencast :: jacoco-reports/opencast-graphql,org.opencastproject.graphql.schema.builder,ExtensionBuilder,30,0,0,0,9,0,5,0,5,0
Opencast :: jacoco-reports/opencast-graphql,org.opencastproject.graphql.schema.builder,TypeFunctionBuilder,38,0,4,0,10,0,7,0,5,0
Opencast :: jacoco-reports/opencast-graphql,org.opencastproject.graphql.datafetcher.user,UserOffsetDataFetcher,154,0,12,0,21,0,10,0,4,0
Opencast :: jacoco-reports/opencast-graphql,org.opencastproject.graphql.datafetcher.user,CurrentUserDataFetcher,9,0,0,0,2,0,2,0,2,0
Opencast :: jacoco-reports/opencast-graphql,org.opencastproject.graphql.playlist.command,CreatePlaylistCommand,118,0,6,0,27,0,6,0,3,0
Opencast :: jacoco-reports/opencast-graphql,org.opencastproject.graphql.playlist.command,CreatePlaylistCommand.Builder,38,0,4,0,13,0,5,0,3,0
Opencast :: jacoco-reports/opencast-graphql,org.opencastproject.graphql.playlist.command,UpdatePlaylistCommand,132,0,12,0,31,0,9,0,3,0
Opencast :: jacoco-reports/opencast-graphql,org.opencastproject.graphql.playlist.command,UpdatePlaylistCommand.Builder,37,0,4,0,12,0,5,0,3,0
Opencast :: jacoco-reports/opencast-graphql,org.opencastproject.graphql.playlist.command,PlaylistCommandHelper,100,0,10,0,16,0,7,0,2,0
Opencast :: jacoco-reports/opencast-graphql,org.opencastproject.graphql.execution.context,OpencastContextManager,53,0,4,0,18,0,8,0,6,0
Opencast :: jacoco-reports/opencast-graphql,org.opencastproject.graphql.execution.context,OpencastContext,47,0,0,0,15,0,9,0,9,0
Opencast :: jacoco-reports/opencast-graphql,org.opencastproject.graphql.type.output,GqlMediaPackageElement,19,0,0,0,4,0,4,0,4,0
Opencast :: jacoco-reports/opencast-graphql,org.opencastproject.graphql.type.output,GqlAccessControlGroupItem,8,0,0,0,4,0,2,0,2,0
Opencast :: jacoco-reports/opencast-graphql,org.opencastproject.graphql.type.output,GqlTrack,71,0,10,0,23,0,13,0,8,0
Opencast :: jacoco-reports/opencast-graphql,org.opencastproject.graphql.type.output,GqlAccessControlGenericItem,8,0,0,0,4,0,2,0,2,0
Opencast :: jacoco-reports/opencast-graphql,org.opencastproject.graphql.type.output,GqlAccessControlList,89,0,4,0,22,0,9,0,7,0
Opencast :: jacoco-reports/opencast-graphql,org.opencastproject.graphql.type.output,GqlCommonSeriesMetadataV2,5,0,0,0,2,0,2,0,2,0
Opencast :: jacoco-reports/opencast-graphql,org.opencastproject.graphql.type.output,GqlAttachment,9,0,0,0,4,0,2,0,2,0
Opencast :: jacoco-reports/opencast-graphql,org.opencastproject.graphql.type.output,AbstractAccessControlItem,47,0,4,0,13,0,6,0,4,0
Opencast :: jacoco-reports/opencast-graphql,org.opencastproject.graphql.type.output,GqlMetadataFieldInterface,36,0,0,0,9,0,9,0,9,0
Opencast :: jacoco-reports/opencast-graphql,org.opencastproject.graphql.type.output,GqlCommonEventMetadataV2,5,0,0,0,2,0,2,0,2,0
Opencast :: jacoco-reports/opencast-graphql,org.opencastproject.graphql.type.output,OffsetPageInfo,42,0,0,0,11,0,5,0,5,0
Opencast :: jacoco-reports/opencast-graphql,org.opencastproject.graphql.type.output,GqlCommonEventMetadata,5,0,0,0,2,0,2,0,2,0
Opencast :: jacoco-reports/opencast-graphql,org.opencastproject.graphql.type.output,GqlAccessControlItem,14,0,0,0,4,0,2,0,2,0
Opencast :: jacoco-reports/opencast-graphql,org.opencastproject.graphql.type.output,Query,5,0,0,0,2,0,2,0,2,0
Opencast :: jacoco-reports/opencast-graphql,org.opencastproject.graphql.type.output,GqlAccessControlUserItem,49,0,8,0,11,0,7,0,3,0
Opencast :: jacoco-reports/opencast-graphql,org.opencastproject.graphql.type.output,GqlCommonSeriesMetadata,5,0,0,0,2,0,2,0,2,0
Opencast :: jacoco-reports/opencast-graphql,org.opencastproject.graphql.type.output,GqlPublication,47,0,4,0,10,0,8,0,6,0
Opencast :: jacoco-reports/opencast-graphql,org.opencastproject.graphql.event,GqlEvent,177,0,14,0,39,0,36,0,29,0
Opencast :: jacoco-reports/opencast-graphql,org.opencastproject.graphql.event,EventMutationExtension,25,0,0,0,15,0,3,0,3,0
Opencast :: jacoco-reports/opencast-graphql,org.opencastproject.graphql.event,GqlEventList,27,0,0,0,9,0,4,0,4,0
Opencast :: jacoco-reports/opencast-graphql,org.opencastproject.graphql.event,GqlDeleteEventPayload,38,0,4,0,16,0,8,0,5,0
Opencast :: jacoco-reports/opencast-graphql,org.opencastproject.graphql.event,GqlDeleteEventState,21,0,0,0,4,0,1,0,1,0
Opencast :: jacoco-reports/opencast-graphql,org.opencastproject.graphql.event,EventQueryExtension,15,0,0,0,2,0,2,0,2,0
Opencast :: jacoco-reports/opencast-graphql,org.opencastproject.graphql.event,EventCurrentUserExtension,19,0,0,0,4,0,2,0,2,0
Opencast :: jacoco-reports/opencast-graphql,org.opencastproject.graphql.command,DeletePlaylistCommand,52,0,0,0,15,0,3,0,3,0
Opencast :: jacoco-reports/opencast-graphql,org.opencastproject.graphql.command,CreateSeriesCommand,193,0,6,0,43,0,9,0,6,0
Opencast :: jacoco-reports/opencast-graphql,org.opencastproject.graphql.command,CreateSeriesCommand.Builder,35,0,4,0,12,0,5,0,3,0
Opencast :: jacoco-reports/opencast-graphql,org.opencastproject.graphql.command,UpdateEventCommand.Builder,39,0,6,0,12,0,6,0,3,0
Opencast :: jacoco-reports/opencast-graphql,org.opencastproject.graphql.command,UpdateSeriesCommand,234,0,8,0,56,0,10,0,6,0
Opencast :: jacoco-reports/opencast-graphql,org.opencastproject.graphql.command,UpdateEventAclCommand,146,0,6,0,31,0,7,0,4,0
Opencast :: jacoco-reports/opencast-graphql,org.opencastproject.graphql.command,AbstractCommand,7,0,0,0,3,0,1,0,1,0
Opencast :: jacoco-reports/opencast-graphql,org.opencastproject.graphql.command,DeletePlaylistCommand.Builder,24,0,2,0,9,0,4,0,3,0
Opencast :: jacoco-reports/opencast-graphql,org.opencastproject.graphql.command,UpdateSeriesAclCommand.Builder,28,0,4,0,9,0,5,0,3,0
Opencast :: jacoco-reports/opencast-graphql,org.opencastproject.graphql.command,UpdateSeriesAclCommand,150,0,8,0,33,0,8,0,4,0
Opencast :: jacoco-reports/opencast-graphql,org.opencastproject.graphql.command,AbstractCommand.Builder,17,0,2,0,6,0,4,0,3,0
Opencast :: jacoco-reports/opencast-graphql,org.opencastproject.graphql.command,DeleteEventCommand,79,0,2,0,19,0,4,0,3,0
Opencast :: jacoco-reports/opencast-graphql,org.opencastproject.graphql.command,UpdateSeriesCommand.Builder,39,0,6,0,12,0,6,0,3,0
Opencast :: jacoco-reports/opencast-graphql,org.opencastproject.graphql.command,DeleteEventCommand.Builder,24,0,2,0,9,0,4,0,3,0
Opencast :: jacoco-reports/opencast-graphql,org.opencastproject.graphql.command,UpdateEventAclCommand.Builder,28,0,4,0,9,0,5,0,3,0
Opencast :: jacoco-reports/opencast-graphql,org.opencastproject.graphql.command,UpdateEventCommand,317,0,25,0,82,0,22,0,5,0
Opencast :: jacoco-reports/opencast-graphql,org.opencastproject.graphql.defaultvalue,DefaultFalse,6,0,0,0,2,0,2,0,2,0
Opencast :: jacoco-reports/opencast-graphql,org.opencastproject.graphql.defaultvalue,DefaultTrue,6,0,0,0,2,0,2,0,2,0
Opencast :: jacoco-reports/opencast-graphql,org.opencastproject.graphql.type.resolver,AccessControlEntryTypeResolver,26,0,2,0,7,0,3,0,2,0
Opencast :: jacoco-reports/opencast-graphql,org.opencastproject.graphql.type.resolver,MetadataFieldInterfaceResolver,26,0,2,0,7,0,3,0,2,0
Opencast :: jacoco-reports/opencast-graphql,org.opencastproject.graphql.datafetcher.series,SeriesDataFetcher,69,0,4,0,16,0,4,0,2,0
Opencast :: jacoco-reports/opencast-graphql,org.opencastproject.graphql.datafetcher.series,CommonSeriesMetadataV2DataFetcher,47,0,2,0,11,0,4,0,3,0
Opencast :: jacoco-reports/opencast-graphql,org.opencastproject.graphql.datafetcher.series,SeriesOffsetDataFetcher,179,0,24,0,43,0,17,0,5,0
Opencast :: jacoco-reports/opencast-graphql,org.opencastproject.graphql.user,GqlUser,40,0,0,0,10,0,8,0,8,0
Opencast :: jacoco-reports/opencast-graphql,org.opencastproject.graphql.user,UserQueryExtension,16,0,0,0,2,0,2,0,2,0
Opencast :: jacoco-reports/opencast-graphql,org.opencastproject.graphql.user,GqlUserList,68,0,2,0,14,0,6,0,5,0
Opencast :: jacoco-reports/opencast-graphql,org.opencastproject.graphql.user,GqlCurrentUser,36,0,0,0,9,0,7,0,7,0
Opencast :: jacoco-reports/opencast-graphql,org.opencastproject.graphql.playlist.type,GqlPlaylistEntryType,3,25,0,0,1,6,1,2,1,2
Opencast :: jacoco-reports/opencast-graphql,org.opencastproject.graphql.scalar,OpencastScalars,3,0,0,0,1,0,1,0,1,0
Opencast :: jacoco-reports/opencast-graphql,org.opencastproject.graphql.scalar,DurationScalar,16,0,0,0,8,0,1,0,1,0
Opencast :: jacoco-reports/opencast-graphql,org.opencastproject.graphql.scalar,DurationScalar.new Coercing() {...},130,0,18,0,32,0,15,0,6,0
Opencast :: jacoco-reports/opencast-graphql,org.opencastproject.graphql.provider,GraphQLExtensionProvider,5,0,0,0,1,0,1,0,1,0
Opencast :: jacoco-reports/opencast-graphql,org.opencastproject.graphql.provider,GraphQLAdditionalTypeProvider,4,0,0,0,2,0,2,0,2,0
Opencast :: jacoco-reports/opencast-graphql,org.opencastproject.graphql.execution,QueryCache,41,0,0,0,10,0,4,0,4,0
Opencast :: jacoco-reports/opencast-graphql,org.opencastproject.graphql.execution,OrganizationExecutionIdProvider,0,21,0,0,0,5,0,2,0,2
Opencast :: jacoco-reports/opencast-graphql,org.opencastproject.graphql.execution,OpencastDataFetcherExceptionHandler,58,0,8,0,14,0,8,0,4,0
Opencast :: jacoco-reports/opencast-graphql,org.opencastproject.graphql.execution,ExecutionErrorResult.Builder,77,0,2,0,18,0,10,0,9,0
Opencast :: jacoco-reports/opencast-graphql,org.opencastproject.graphql.execution,ExecutionService,215,0,18,0,56,0,15,0,6,0
Opencast :: jacoco-reports/opencast-graphql,org.opencastproject.graphql.execution,ExecutionErrorResult,30,0,0,0,12,0,8,0,8,0
Opencast :: jacoco-reports/opencast-graphql,org.opencastproject.graphql.playlist.datafetcher,PlaylistOffsetDataFetcher,107,0,8,0,20,0,10,0,6,0
Opencast :: jacoco-reports/opencast-graphql,org.opencastproject.graphql.playlist.datafetcher,PlaylistDataFetcher,48,0,2,0,15,0,3,0,2,0
Opencast :: jacoco-reports/opencast-graphql,org.opencastproject.graphql.playlist,PlaylistMutationExtension,29,0,0,0,12,0,3,0,3,0
Opencast :: jacoco-reports/opencast-graphql,org.opencastproject.graphql.playlist,PlaylistGraphQLProvider,7,0,0,0,2,0,2,0,2,0
Opencast :: jacoco-reports/opencast-graphql,org.opencastproject.graphql.playlist,PlaylistQueryExtension,15,0,0,0,2,0,2,0,2,0
Opencast :: jacoco-reports/opencast-graphql,org.opencastproject.graphql.playlist,PlaylistCurrentUserExtension,19,0,0,0,7,0,2,0,2,0
Opencast :: jacoco-reports/opencast-graphql,org.opencastproject.graphql.config,GraphQLConfiguration,15,0,0,0,5,0,4,0,4,0
Opencast :: jacoco-reports/opencast-graphql,org.opencastproject.graphql.directive,RolesAllowedWiring,81,0,6,0,18,0,6,0,3,0
Opencast :: jacoco-reports/opencast-graphql,org.opencastproject.graphql.util,MetadataFieldToGraphQLConverter,51,0,14,0,25,0,13,0,1,0
Opencast :: jacoco-reports/opencast-graphql,org.opencastproject.graphql.util,AnnotationScanner,93,0,6,0,20,0,11,0,8,0
Opencast :: jacoco-reports/opencast-graphql,org.opencastproject.graphql.util,GraphQLObjectMapper,24,0,0,0,6,0,2,0,2,0
Opencast :: jacoco-reports/opencast-graphql,org.opencastproject.graphql.util,MetadataFieldToGraphQLFieldMapper,57,0,7,0,21,0,8,0,2,0
Opencast :: jacoco-reports/opencast-graphql,org.opencastproject.graphql.schema,SchemaService,355,0,4,0,107,0,30,0,28,0
Opencast :: jacoco-reports/opencast-graphql,org.opencastproject.graphql.schema,SchemaService.SchemaUpdateThreadFactory,23,0,0,0,5,0,2,0,2,0
Opencast :: jacoco-reports/opencast-graphql,org.opencastproject.graphql.schema,SchemaException,16,0,0,0,8,0,4,0,4,0
Opencast :: jacoco-reports/opencast-graphql,org.opencastproject.graphql.schema,SchemaBuilder,127,0,0,0,37,0,11,0,11,0
Opencast :: jacoco-reports/opencast-graphql,org.opencastproject.graphql.type.output.field,GqlJsonMetadataField,13,0,0,0,5,0,3,0,3,0
Opencast :: jacoco-reports/opencast-graphql,org.opencastproject.graphql.type.output.field,GqlDateTimeMetadataField,26,0,2,0,7,0,4,0,3,0
Opencast :: jacoco-reports/opencast-graphql,org.opencastproject.graphql.type.output.field,GqlLongMetadataField,23,0,2,0,8,0,4,0,3,0
Opencast :: jacoco-reports/opencast-graphql,org.opencastproject.graphql.type.output.field,GqlListMetadataField,23,0,2,0,8,0,4,0,3,0
Opencast :: jacoco-reports/opencast-graphql,org.opencastproject.graphql.type.output.field,GqlIntMetadataField,23,0,2,0,8,0,4,0,3,0
Opencast :: jacoco-reports/opencast-graphql,org.opencastproject.graphql.type.output.field,GqlStringMetadataField,23,0,2,0,8,0,4,0,3,0
Opencast :: jacoco-reports/opencast-graphql,org.opencastproject.graphql.type.output.field,GqlBooleanMetadataField,23,0,2,0,8,0,4,0,3,0
Opencast :: jacoco-reports/opencast-graphql,org.opencastproject.graphql.type.output.field,GqlDurationMetadataField,13,0,0,0,5,0,3,0,3,0
Opencast :: jacoco-reports/opencast-graphql,org.opencastproject.graphql,OpencastGraphQLProvider,394,0,8,0,91,0,23,0,19,0
Opencast :: jacoco-reports/opencast-graphql,org.opencastproject.graphql.type,JsonFunction,15,0,2,0,4,0,5,0,4,0
Opencast :: jacoco-reports/opencast-graphql,org.opencastproject.graphql.type,DateTimeFunction,14,0,2,0,4,0,5,0,4,0
Opencast :: jacoco-reports/opencast-graphql,org.opencastproject.graphql.type,TimeFunction,14,0,2,0,4,0,5,0,4,0
Opencast :: jacoco-reports/opencast-graphql,org.opencastproject.graphql.type,DurationFunction,15,0,2,0,4,0,5,0,4,0
Opencast :: jacoco-reports/opencast-graphql,org.opencastproject.graphql.type,MapFunction,15,0,2,0,4,0,5,0,4,0
Opencast :: jacoco-reports/opencast-graphql,org.opencastproject.graphql.servlet,SchemaServlet,76,0,2,0,22,0,3,0,2,0
Opencast :: jacoco-reports/opencast-graphql,org.opencastproject.graphql.servlet,GraphQLServlet.new TypeReference() {...},3,0,0,0,1,0,1,0,1,0
Opencast :: jacoco-reports/opencast-graphql,org.opencastproject.graphql.servlet,GraphQLServlet.new TypeReference() {...},3,0,0,0,1,0,1,0,1,0
Opencast :: jacoco-reports/opencast-graphql,org.opencastproject.graphql.servlet,GraphQLServlet,232,0,20,0,59,0,20,0,10,0
Opencast :: jacoco-reports/opencast-graphql,org.opencastproject.graphql.playlist.type.resolver,PlaylistEntryTypeResolver,26,0,2,0,7,0,3,0,2,0
Opencast :: jacoco-reports/opencast-graphql,org.opencastproject.graphql.datafetcher.event,EventDataFetcher,83,0,4,0,19,0,4,0,2,0
Opencast :: jacoco-reports/opencast-graphql,org.opencastproject.graphql.datafetcher.event,CommonEventMetadataDataFetcher,199,0,16,0,39,0,15,0,7,0
Opencast :: jacoco-reports/opencast-graphql,org.opencastproject.graphql.datafetcher.event,EventOffsetDataFetcher,260,0,36,0,62,0,26,0,8,0
Opencast :: jacoco-reports/opencast-graphql,org.opencastproject.graphql.datafetcher.event,CommonEventMetadataV2DataFetcher,78,0,2,0,17,0,4,0,3,0
Opencast :: jacoco-reports/opencast-graphql,org.opencastproject.graphql.exception,GraphQLUnauthorizedException,11,0,0,0,4,0,2,0,2,0
Opencast :: jacoco-reports/opencast-graphql,org.opencastproject.graphql.exception,OpencastErrorType,27,0,0,0,5,0,1,0,1,0
Opencast :: jacoco-reports/opencast-graphql,org.opencastproject.graphql.exception,GraphQLRuntimeException,98,0,0,0,39,0,15,0,15,0
Opencast :: jacoco-reports/opencast-graphql,org.opencastproject.graphql.exception,GraphQLNotFoundException,7,0,0,0,3,0,2,0,2,0
Opencast :: jacoco-reports/opencast-graphql,org.opencastproject.graphql.series,GqlSeries,64,0,0,0,16,0,14,0,14,0
Opencast :: jacoco-reports/opencast-graphql,org.opencastproject.graphql.series,SeriesMutationExtension,26,0,0,0,12,0,3,0,3,0
Opencast :: jacoco-reports/opencast-graphql,org.opencastproject.graphql.series,SeriesUserExtension,19,0,0,0,4,0,2,0,2,0
Opencast :: jacoco-reports/opencast-graphql,org.opencastproject.graphql.series,GqlSeriesList,27,0,0,0,9,0,4,0,4,0
Opencast :: jacoco-reports/opencast-graphql,org.opencastproject.graphql.series,SeriesQueryExtension,15,0,0,0,2,0,2,0,2,0
Opencast :: jacoco-reports/opencast-graphql,org.opencastproject.graphql.acl,GqlManagedAclCatalogue,31,0,0,0,8,0,4,0,4,0
Opencast :: jacoco-reports/opencast-graphql,org.opencastproject.graphql.acl,AclSeriesExtension,37,0,2,0,12,0,5,0,4,0
Opencast :: jacoco-reports/opencast-graphql,org.opencastproject.graphql.acl,GqlManagedAcl,25,0,0,0,7,0,5,0,5,0
Opencast :: jacoco-reports/opencast-graphql,org.opencastproject.graphql.acl,AclEventExtension,37,0,2,0,12,0,5,0,4,0
Opencast :: jacoco-reports/opencast-graphql,org.opencastproject.graphql.acl,ManagedAclQueryExtension,7,0,0,0,1,0,1,0,1,0
Opencast :: jacoco-reports/opencast-graphql,org.opencastproject.graphql.listprovider,GqlListProviderEntry,28,0,0,0,10,0,4,0,4,0
Opencast :: jacoco-reports/opencast-graphql,org.opencastproject.graphql.listprovider,ListProviderQueryExtension,91,0,6,0,19,0,5,0,2,0
Opencast :: jacoco-reports/opencast-graphql,org.opencastproject.graphql.listprovider,GqlListProvider,23,0,0,0,8,0,3,0,3,0
Opencast :: jacoco-reports/opencast-graphql,org.opencastproject.graphql.playlist.type.input,PlaylistEntryInput,18,0,0,0,7,0,4,0,4,0
Opencast :: jacoco-reports/opencast-graphql,org.opencastproject.graphql.playlist.type.input,PlaylistMetadataInput,18,0,0,0,8,0,4,0,4,0
Opencast :: jacoco-reports/opencast-hello-world-impl,org.opencastproject.helloworld.impl,HelloWorldServiceImpl,11,30,0,2,3,9,1,5,1,4
Opencast :: jacoco-reports/opencast-hello-world-impl,org.opencastproject.helloworld.impl.endpoint,HelloWorldRestEndpoint,3,32,0,0,1,8,1,5,1,5
Opencast :: jacoco-reports/opencast-hello-world-workflowoperation,org.opencastproject.workflow.handler.hello,HelloWorldWorkflowOperationHandler,35,0,0,0,9,0,3,0,3,0
Opencast :: jacoco-reports/opencast-incident-workflowoperation,org.opencastproject.workflow.handler.incident,IncidentCreatorWorkflowOperationHandler,160,0,6,0,34,0,16,0,13,0
Opencast :: jacoco-reports/opencast-index-service,org.opencastproject.index.service.api,IndexService.SourceType,0,27,0,0,0,2,0,1,0,1
Opencast :: jacoco-reports/opencast-index-service,org.opencastproject.index.service.api,IndexService.EventRemovalResult,27,0,0,0,2,0,1,0,1,0
Opencast :: jacoco-reports/opencast-index-service,org.opencastproject.index.service.api,IndexService.Source,0,21,0,0,0,2,0,1,0,1
Opencast :: jacoco-reports/opencast-index-service,org.opencastproject.index.service.impl,IndexServiceImpl,3252,1343,361,97,699,307,256,62,47,36
Opencast :: jacoco-reports/opencast-index-service,org.opencastproject.index.service.util,JSONUtils,171,330,29,39,32,71,21,25,1,11
Opencast :: jacoco-reports/opencast-index-service,org.opencastproject.index.service.util,CatalogAdapterUtil,6,18,0,0,2,6,0,1,0,1
Opencast :: jacoco-reports/opencast-index-service,org.opencastproject.index.service.util,RequestUtils,133,91,27,11,29,15,16,6,1,2
Opencast :: jacoco-reports/opencast-index-service,org.opencastproject.index.service.util,RestUtils,95,197,6,14,27,46,8,15,3,10
Opencast :: jacoco-reports/opencast-index-service,org.opencastproject.index.service.impl.util,RetractionListener,180,0,14,0,37,0,11,0,4,0
Opencast :: jacoco-reports/opencast-index-service,org.opencastproject.index.service.impl.util,Retraction,23,0,0,0,10,0,5,0,5,0
Opencast :: jacoco-reports/opencast-index-service,org.opencastproject.index.service.impl.util,EventHttpServletRequest,546,418,62,34,107,111,44,25,4,17
Opencast :: jacoco-reports/opencast-index-service,org.opencastproject.index.service.impl.util,EventUtils,18,260,5,37,3,56,5,21,0,5
Opencast :: jacoco-reports/opencast-index-service,org.opencastproject.index.service.catalog.adapter.series,ConfigurableSeriesDCCatalogUIAdapter,152,15,6,0,35,6,9,4,6,4
Opencast :: jacoco-reports/opencast-index-service,org.opencastproject.index.service.catalog.adapter.series,CommonSeriesCatalogUIAdapter,51,11,0,0,19,4,2,4,2,4
Opencast :: jacoco-reports/opencast-index-service,org.opencastproject.index.service.exception,IndexServiceException,5,4,0,0,2,2,1,1,1,1
Opencast :: jacoco-reports/opencast-index-service,org.opencastproject.index.service.exception,UnsupportedAssetException,4,0,0,0,2,0,1,0,1,0
Opencast :: jacoco-reports/opencast-index-service,org.opencastproject.index.service.catalog.adapter.events,CommonEventCatalogUIAdapter,59,151,14,22,10,33,12,12,0,6
Opencast :: jacoco-reports/opencast-index-service,org.opencastproject.index.service.catalog.adapter.events,ConfigurableEventDCCatalogUIAdapter,6,129,0,2,2,31,0,8,0,7
Opencast :: jacoco-reports/opencast-index-service,org.opencastproject.index.service.catalog.adapter,MetadataUtils,0,46,3,7,0,11,3,3,0,1
Opencast :: jacoco-reports/opencast-index-service,org.opencastproject.index.service.catalog.adapter,CatalogUIAdapterFactory,167,125,15,6,39,30,16,5,5,5
Opencast :: jacoco-reports/opencast-index-service,org.opencastproject.index.service.catalog.adapter,DublinCoreMetadataUtil,135,506,26,60,28,106,22,35,1,13
Opencast :: jacoco-reports/opencast-index-service,org.opencastproject.index.service.catalog.adapter,ConfigurableDCCatalogUIAdapter,47,302,7,21,14,66,9,21,3,13
Opencast :: jacoco-reports/opencast-index-service,org.opencastproject.index.service.catalog.adapter,CatalogUIAdapterConfiguration,36,157,4,14,3,36,4,13,0,8
Opencast :: jacoco-reports/opencast-ingest-download-service-impl,org.opencastproject.ingestdownloadservice.impl,IngestDownloadServiceImpl,161,297,18,16,47,63,19,11,7,6
Opencast :: jacoco-reports/opencast-ingest-download-service-impl,org.opencastproject.ingestdownloadservice.impl,IngestDownloadServiceImpl.Operation,0,9,0,0,0,2,0,1,0,1
Opencast :: jacoco-reports/opencast-ingest-download-service-impl,org.opencastproject.ingestdownloadservice.impl.endpoint,IngestDownloadServiceEndpoint,32,49,5,3,11,14,7,4,3,4
Opencast :: jacoco-reports/opencast-ingest-download-service-remote,org.opencastproject.ingestdownloadservice.remote,IngestDownloadServiceRemoteImpl,126,0,2,0,28,0,6,0,5,0
Opencast :: jacoco-reports/opencast-ingest-download-service-workflowoperation,org.opencastproject.workflow.handler.ingest,IngestDownloadWorkflowOperationHandler,105,0,6,0,27,0,7,0,4,0
Opencast :: jacoco-reports/opencast-ingest-service-api,org.opencastproject.ingest.api,IngestException,13,0,0,0,6,0,3,0,3,0
Opencast :: jacoco-reports/opencast-ingest-service-impl,org.opencastproject.ingest.impl,IngestServiceImpl,2052,2175,152,176,451,458,127,103,23,43
Opencast :: jacoco-reports/opencast-ingest-service-impl,org.opencastproject.ingest.impl,ZipEntryInputStream,28,13,4,0,8,5,4,1,2,1
Opencast :: jacoco-reports/opencast-ingest-service-impl,org.opencastproject.ingest.endpoint,IngestRestService,1331,1035,115,65,348,181,87,45,16,25
Opencast :: jacoco-reports/opencast-ingest-service-impl,org.opencastproject.ingest.scanner,Ingestor.JsonTags,31,0,2,0,6,0,4,0,3,0
Opencast :: jacoco-reports/opencast-ingest-service-impl,org.opencastproject.ingest.scanner,Ingestor.JsonFormat,28,0,2,0,3,0,4,0,3,0
Opencast :: jacoco-reports/opencast-ingest-service-impl,org.opencastproject.ingest.scanner,Ingestor.RetriableIngestJob,846,0,52,0,161,0,36,0,10,0
Opencast :: jacoco-reports/opencast-ingest-service-impl,org.opencastproject.ingest.scanner,InboxScannerService,555,0,40,0,128,0,43,0,23,0
Opencast :: jacoco-reports/opencast-ingest-service-impl,org.opencastproject.ingest.scanner,Ingestor,286,0,22,0,70,0,19,0,8,0
Opencast :: jacoco-reports/opencast-ingest-service-impl,org.opencastproject.ingest.scanner,Ingestor.JsonFFprobe,3,0,0,0,1,0,1,0,1,0
Opencast :: jacoco-reports/opencast-inspection-service-api,org.opencastproject.inspection.api,MediaInspectionException,13,0,0,0,6,0,3,0,3,0
Opencast :: jacoco-reports/opencast-inspection-service-api,org.opencastproject.inspection.api.util,Options,33,10,4,0,10,2,4,1,2,1
Opencast :: jacoco-reports/opencast-inspection-service-api,org.opencastproject.inspection.api.util,Options.new TypeToken() {...},3,0,0,0,1,0,1,0,1,0
Opencast :: jacoco-reports/opencast-inspection-service-ffmpeg,org.opencastproject.inspection.ffmpeg.api,CommonMetadata,136,21,0,0,58,9,39,6,39,6
Opencast :: jacoco-reports/opencast-inspection-service-ffmpeg,org.opencastproject.inspection.ffmpeg.api,TemporalMetadata,28,17,0,0,12,7,8,5,8,5
Opencast :: jacoco-reports/opencast-inspection-service-ffmpeg,org.opencastproject.inspection.ffmpeg.api,VideoStreamMetadata,109,34,0,0,47,14,31,10,31,10
Opencast :: jacoco-reports/opencast-inspection-service-ffmpeg,org.opencastproject.inspection.ffmpeg.api,AudioStreamMetadata,49,17,0,0,21,7,14,5,14,5
Opencast :: jacoco-reports/opencast-inspection-service-ffmpeg,org.opencastproject.inspection.ffmpeg.api,SubtitleStreamMetadata,3,0,0,0,1,0,1,0,1,0
Opencast :: jacoco-reports/opencast-inspection-service-ffmpeg,org.opencastproject.inspection.ffmpeg.api,MediaContainerMetadata,21,65,2,4,7,18,7,13,5,12
Opencast :: jacoco-reports/opencast-inspection-service-ffmpeg,org.opencastproject.inspection.ffmpeg.api,StreamMetadata,60,13,0,0,26,5,17,4,17,4
Opencast :: jacoco-reports/opencast-inspection-service-ffmpeg,org.opencastproject.inspection.ffmpeg.api,MediaAnalyzerException,9,0,0,0,4,0,2,0,2,0
Opencast :: jacoco-reports/opencast-inspection-service-ffmpeg,org.opencastproject.inspection.ffmpeg.endpoints,MediaInspectionRestEndpoint,134,0,10,0,33,0,16,0,11,0
Opencast :: jacoco-reports/opencast-inspection-service-ffmpeg,org.opencastproject.inspection.ffmpeg,FFmpegAnalyzer,83,570,33,51,19,136,32,17,1,6
Opencast :: jacoco-reports/opencast-inspection-service-ffmpeg,org.opencastproject.inspection.ffmpeg,MediaInspectionServiceImpl,309,0,11,0,77,0,24,0,18,0
Opencast :: jacoco-reports/opencast-inspection-service-ffmpeg,org.opencastproject.inspection.ffmpeg,MediaInspector,499,839,57,63,102,184,43,33,1,15
Opencast :: jacoco-reports/opencast-inspection-service-ffmpeg,org.opencastproject.inspection.ffmpeg,MediaInspectionServiceImpl.Operation,15,0,0,0,2,0,1,0,1,0
Opencast :: jacoco-reports/opencast-inspection-service-remote,org.opencastproject.inspection.remote,MediaInspectionServiceRemoteImpl,215,0,8,0,48,0,12,0,8,0
Opencast :: jacoco-reports/opencast-inspection-workflowoperation,org.opencastproject.workflow.handler.inspection,InspectWorkflowOperationHandler,111,304,16,18,24,69,15,11,0,9
Opencast :: jacoco-reports/opencast-kernel,org.opencastproject.kernel.security,RemoteUserAndOrganizationFilter,54,362,10,36,19,87,12,20,2,7
Opencast :: jacoco-reports/opencast-kernel,org.opencastproject.kernel.security,SpringSecurityConfigurationArtifactInstaller,137,0,8,0,37,0,12,0,8,0
Opencast :: jacoco-reports/opencast-kernel,org.opencastproject.kernel.security,DelegatingAuthenticationEntryPoint,95,0,16,0,22,0,13,0,5,0
Opencast :: jacoco-reports/opencast-kernel,org.opencastproject.kernel.security,AsyncTimeoutRedirectFilter,87,0,8,0,26,0,7,0,3,0
Opencast :: jacoco-reports/opencast-kernel,org.opencastproject.kernel.security,SystemTokenBasedRememberMeService,48,0,0,0,13,0,4,0,4,0
Opencast :: jacoco-reports/opencast-kernel,org.opencastproject.kernel.security,OrganizationFilter,129,0,6,0,37,0,10,0,7,0
Opencast :: jacoco-reports/opencast-kernel,org.opencastproject.kernel.security,TrustedHttpClientImpl.HostCache,5,99,0,2,2,28,0,5,0,4
Opencast :: jacoco-reports/opencast-kernel,org.opencastproject.kernel.security,TrustedHttpClientImpl,205,700,19,63,51,170,20,48,3,24
Opencast :: jacoco-reports/opencast-kernel,org.opencastproject.kernel.security,LogoutSuccessHandler,33,0,2,0,10,0,5,0,4,0
Opencast :: jacoco-reports/opencast-kernel,org.opencastproject.kernel.security,SecurityFilter,83,0,6,0,29,0,11,0,8,0
Opencast :: jacoco-reports/opencast-kernel,org.opencastproject.kernel.security,OrganizationDirectoryServiceImpl.OrgCache,110,35,6,0,21,10,7,2,4,2
Opencast :: jacoco-reports/opencast-kernel,org.opencastproject.kernel.security,OrganizationEndpoint,48,0,2,0,14,0,7,0,6,0
Opencast :: jacoco-reports/opencast-kernel,org.opencastproject.kernel.security,OAuthConsumerDetailsService,151,0,10,0,38,0,12,0,7,0
Opencast :: jacoco-reports/opencast-kernel,org.opencastproject.kernel.security,OrganizationDirectoryServiceImpl,196,241,18,14,56,59,22,13,11,8
Opencast :: jacoco-reports/opencast-kernel,org.opencastproject.kernel.security,SecurityServiceSpringImpl,169,0,22,0,51,0,21,0,10,0
Opencast :: jacoco-reports/opencast-kernel,org.opencastproject.kernel.security,SystemTokenRememberMeUtils,103,0,6,0,26,0,5,0,2,0
Opencast :: jacoco-reports/opencast-kernel,org.opencastproject.kernel.security,AuthenticationSuccessHandler,95,0,12,0,27,0,10,0,4,0
Opencast :: jacoco-reports/opencast-kernel,org.opencastproject.kernel.security,LtiProcessingFilter,11,0,0,0,4,0,3,0,3,0
Opencast :: jacoco-reports/opencast-kernel,org.opencastproject.kernel.security,CustomPasswordEncoder,38,36,7,3,9,7,6,4,1,4
Opencast :: jacoco-reports/opencast-kernel,org.opencastproject.kernel.security,AsyncTimeoutRedirectFilter.DefaultThrowableAnalyzer.new ThrowableCauseExtractor() {...},10,0,0,0,3,0,2,0,2,0
Opencast :: jacoco-reports/opencast-kernel,org.opencastproject.kernel.security,SystemTokenBasedRememberMeAuthenticationProvider,13,0,0,0,6,0,3,0,3,0
Opencast :: jacoco-reports/opencast-kernel,org.opencastproject.kernel.security,RedirectQueryParamAuthenticationEntryPoint,35,0,2,0,9,0,3,0,2,0
Opencast :: jacoco-reports/opencast-kernel,org.opencastproject.kernel.security,UserEntryPoint,70,0,2,0,17,0,8,0,7,0
Opencast :: jacoco-reports/opencast-kernel,org.opencastproject.kernel.security,AsyncTimeoutRedirectFilter.DefaultThrowableAnalyzer,10,0,0,0,3,0,1,0,1,0
Opencast :: jacoco-reports/opencast-kernel,org.opencastproject.kernel.security,TrustedAnonymousAuthenticationFilter,0,8,0,0,0,2,0,2,0,2
Opencast :: jacoco-reports/opencast-kernel,org.opencastproject.kernel.scanner,AbstractScanner.TypedQuartzJob,60,0,2,0,17,0,5,0,4,0
Opencast :: jacoco-reports/opencast-kernel,org.opencastproject.kernel.scanner,AbstractScanner,53,177,1,9,17,56,10,17,9,13
Opencast :: jacoco-reports/opencast-kernel,org.opencastproject.kernel.scanner,AbstractBufferScanner,97,0,8,0,26,0,9,0,5,0
Opencast :: jacoco-reports/opencast-kernel,org.opencastproject.kernel.filter.https,HttpsFilter,46,0,4,0,13,0,7,0,5,0
Opencast :: jacoco-reports/opencast-kernel,org.opencastproject.kernel.filter.https,HttpsRequestWrapper,27,0,0,0,8,0,4,0,4,0
Opencast :: jacoco-reports/opencast-kernel,org.opencastproject.kernel.filter.proxy,TransparentProxyRequestWrapper,15,0,0,0,5,0,3,0,3,0
Opencast :: jacoco-reports/opencast-kernel,org.opencastproject.kernel.filter.proxy,TransparentProxyFilter,30,0,2,0,10,0,6,0,5,0
Opencast :: jacoco-reports/opencast-kernel,org.opencastproject.kernel.rest,RestPublisher.JaxRsServiceTracker,82,0,4,0,18,0,5,0,3,0
Opencast :: jacoco-reports/opencast-kernel,org.opencastproject.kernel.rest,JsonpFilter.HttpServletResponseContentWrapper,226,0,30,0,54,0,29,0,14,0
Opencast :: jacoco-reports/opencast-kernel,org.opencastproject.kernel.rest,RestPublisher.OpencastJSONProvider.new MappedXMLStreamWriter() {...},19,0,0,0,7,0,5,0,5,0
Opencast :: jacoco-reports/opencast-kernel,org.opencastproject.kernel.rest,RestPublisher.StaticResourceBundleTracker,148,0,12,0,30,0,9,0,3,0
Opencast :: jacoco-reports/opencast-kernel,org.opencastproject.kernel.rest,CurrentJobFilter,72,0,2,0,24,0,8,0,7,0
Opencast :: jacoco-reports/opencast-kernel,org.opencastproject.kernel.rest,RestPublisher.new ExceptionMapper() {...},11,0,0,0,6,0,2,0,2,0
Opencast :: jacoco-reports/opencast-kernel,org.opencastproject.kernel.rest,RestPublisher.new ExceptionMapper() {...},11,0,0,0,6,0,2,0,2,0
Opencast :: jacoco-reports/opencast-kernel,org.opencastproject.kernel.rest,JsonpFilter.ByteArrayServletOutputStream,72,0,4,0,21,0,11,0,9,0
Opencast :: jacoco-reports/opencast-kernel,org.opencastproject.kernel.rest,RestPublisher.StaticResourceClassLoader,33,0,0,0,7,0,2,0,2,0
Opencast :: jacoco-reports/opencast-kernel,org.opencastproject.kernel.rest,RestPublisher,359,0,10,0,100,0,16,0,11,0
Opencast :: jacoco-reports/opencast-kernel,org.opencastproject.kernel.rest,RestPublisher.OpencastJSONProvider,30,0,0,0,6,0,3,0,3,0
Opencast :: jacoco-reports/opencast-kernel,org.opencastproject.kernel.rest,CleanSessionsFilter,73,0,14,0,21,0,12,0,5,0
Opencast :: jacoco-reports/opencast-kernel,org.opencastproject.kernel.rest,JsonpFilter,54,7,6,0,16,2,7,1,4,1
Opencast :: jacoco-reports/opencast-kernel,org.opencastproject.kernel.rest,RestPublisher.RestServlet,26,0,2,0,10,0,4,0,3,0
Opencast :: jacoco-reports/opencast-kernel,org.opencastproject.kernel.http,SharedHttpContext,60,0,4,0,18,0,9,0,7,0
Opencast :: jacoco-reports/opencast-kernel,org.opencastproject.kernel.mail,BaseSmtpService.Mode,15,0,0,0,2,0,1,0,1,0
Opencast :: jacoco-reports/opencast-kernel,org.opencastproject.kernel.mail,BaseSmtpService,365,4,24,0,89,1,28,1,16,1
Opencast :: jacoco-reports/opencast-kernel,org.opencastproject.kernel.mail,EmailAddress,51,9,10,0,4,4,9,1,4,1
Opencast :: jacoco-reports/opencast-kernel,org.opencastproject.kernel.mail,SmtpService,391,4,44,0,99,1,32,1,10,1
Opencast :: jacoco-reports/opencast-kernel,org.opencastproject.kernel.security.persistence,OrganizationDatabaseImpl,112,179,4,2,25,41,3,16,0,16
Opencast :: jacoco-reports/opencast-kernel,org.opencastproject.kernel.security.persistence,OrganizationDatabaseException,4,0,0,0,2,0,1,0,1,0
Opencast :: jacoco-reports/opencast-kernel,org.opencastproject.kernel.bundleinfo,BundleInfoImpl,0,66,0,0,0,17,0,9,0,9
Opencast :: jacoco-reports/opencast-kernel,org.opencastproject.kernel.bundleinfo,BundleInfoJpa,0,168,0,2,0,29,0,11,0,10
Opencast :: jacoco-reports/opencast-kernel,org.opencastproject.kernel.bundleinfo,AbstractBundleInfoDb,0,63,0,0,0,18,0,8,0,8
Opencast :: jacoco-reports/opencast-kernel,org.opencastproject.kernel.bundleinfo,BundleVersion,2,58,5,5,0,9,5,6,0,6
Opencast :: jacoco-reports/opencast-kernel,org.opencastproject.kernel.bundleinfo,BundleInfoDbException,9,4,0,0,4,2,2,1,2,1
Opencast :: jacoco-reports/opencast-kernel,org.opencastproject.kernel.bundleinfo,BundleInfoLogger,158,0,13,0,33,0,15,0,8,0
Opencast :: jacoco-reports/opencast-kernel,org.opencastproject.kernel.bundleinfo,OsgiBundleInfoRestEndpoint,10,0,0,0,4,0,3,0,3,0
Opencast :: jacoco-reports/opencast-kernel,org.opencastproject.kernel.bundleinfo,BundleInfos,7,0,0,0,1,0,1,0,1,0
Opencast :: jacoco-reports/opencast-kernel,org.opencastproject.kernel.bundleinfo,BundleInfoRestEndpoint,36,251,5,12,10,41,5,19,2,13
Opencast :: jacoco-reports/opencast-kernel,org.opencastproject.kernel.bundleinfo,OsgiBundleInfoDb,33,0,0,0,12,0,7,0,7,0
Opencast :: jacoco-reports/opencast-list-providers-api,org.opencastproject.list.util,ListProviderUtil,31,59,6,6,5,10,5,5,1,3
Opencast :: jacoco-reports/opencast-list-providers-api,org.opencastproject.list.util,ListProviderUtil.ValueComparer,0,33,0,2,0,9,0,3,0,2
Opencast :: jacoco-reports/opencast-list-providers-api,org.opencastproject.list.util,FiltersUtils.new ResourceListFilter() {...},20,18,2,0,5,1,6,1,5,1
Opencast :: jacoco-reports/opencast-list-providers-api,org.opencastproject.list.util,FiltersUtils,5,17,3,3,1,2,3,1,0,1
Opencast :: jacoco-reports/opencast-list-providers-api,org.opencastproject.list.api,DefaultResourceListQuery,7,83,0,2,2,23,1,13,1,12
Opencast :: jacoco-reports/opencast-list-providers-api,org.opencastproject.list.api,ListProviderNotFoundException,0,4,0,0,0,2,0,1,0,1
Opencast :: jacoco-reports/opencast-list-providers-api,org.opencastproject.list.api,EmptyResourceListQuery,17,3,0,0,7,1,7,1,7,1
Opencast :: jacoco-reports/opencast-list-providers-api,org.opencastproject.list.api,ResourceListFilter.SourceType,0,39,0,0,0,2,0,1,0,1
Opencast :: jacoco-reports/opencast-list-providers-api,org.opencastproject.list.api,ListProviderException,5,4,0,0,2,2,1,1,1,1
Opencast :: jacoco-reports/opencast-list-providers-api,org.opencastproject.list.query,StringListFilter,0,49,0,0,0,15,0,7,0,7
Opencast :: jacoco-reports/opencast-list-providers-common,org.opencastproject.list.common.provider,ContributorsListProvider,147,398,24,32,32,81,21,21,5,9
Opencast :: jacoco-reports/opencast-list-providers-common,org.opencastproject.list.common.provider,ServicesListProvider,69,105,10,10,17,21,11,7,4,4
Opencast :: jacoco-reports/opencast-list-providers-common,org.opencastproject.list.common.provider,EventsListProvider.IsPublished,15,0,0,0,2,0,1,0,1,0
Opencast :: jacoco-reports/opencast-list-providers-common,org.opencastproject.list.common.provider,AclAdditionalActionsListProvider,54,0,2,0,18,0,9,0,8,0
Opencast :: jacoco-reports/opencast-list-providers-common,org.opencastproject.list.common.provider,UsersListProvider,121,183,36,22,19,32,28,10,4,5
Opencast :: jacoco-reports/opencast-list-providers-common,org.opencastproject.list.common.provider,JobsListProvider,18,111,4,8,7,21,8,6,4,4
Opencast :: jacoco-reports/opencast-list-providers-common,org.opencastproject.list.common.provider,RolesListProvider,110,0,12,0,27,0,14,0,8,0
Opencast :: jacoco-reports/opencast-list-providers-common,org.opencastproject.list.common.provider,SeriesListProvider,572,0,76,0,110,0,49,0,11,0
Opencast :: jacoco-reports/opencast-list-providers-common,org.opencastproject.list.common.provider,ContributorsListProvider.Contributor,6,15,0,0,1,6,1,3,1,3
Opencast :: jacoco-reports/opencast-list-providers-common,org.opencastproject.list.common.provider,ContributorsListProvider.new Comparator() {...},9,0,0,0,2,0,2,0,2,0
Opencast :: jacoco-reports/opencast-list-providers-common,org.opencastproject.list.common.provider,EventsListProvider.Comments,21,0,0,0,2,0,1,0,1,0
Opencast :: jacoco-reports/opencast-list-providers-common,org.opencastproject.list.common.provider,ContributorsListProvider.new Comparator() {...},0,9,0,0,0,2,0,2,0,2
Opencast :: jacoco-reports/opencast-list-providers-common,org.opencastproject.list.common.provider,ContributorsListProvider.new Comparator() {...},0,7,0,0,0,2,0,2,0,2
Opencast :: jacoco-reports/opencast-list-providers-common,org.opencastproject.list.common.provider,EventsListProvider,415,0,50,0,62,0,33,0,8,0
Opencast :: jacoco-reports/opencast-list-providers-common,org.opencastproject.list.common.provider,EventsListProvider.NeedsCutting,15,0,0,0,2,0,1,0,1,0
Opencast :: jacoco-reports/opencast-list-providers-common,org.opencastproject.list.common.provider,GroupsListProvider,160,0,18,0,36,0,17,0,8,0
Opencast :: jacoco-reports/opencast-list-providers-common,org.opencastproject.list.common.provider,ServersListProvider,52,136,18,10,15,35,15,8,3,5
Opencast :: jacoco-reports/opencast-list-providers-common,org.opencastproject.list.common.provider,BooleanListProvider,46,43,11,5,14,8,12,3,5,2
Opencast :: jacoco-reports/opencast-list-providers-common,org.opencastproject.list.common.query,ServersListQuery,43,97,3,3,12,23,9,8,6,8
Opencast :: jacoco-reports/opencast-list-providers-common,org.opencastproject.list.common.query,JobsListQuery,79,61,6,0,20,15,9,8,6,8
Opencast :: jacoco-reports/opencast-list-providers-common,org.opencastproject.list.common.query,ServicesListQuery,86,111,7,3,24,27,12,13,8,12
Opencast :: jacoco-reports/opencast-list-providers-common,org.opencastproject.list.common.query,UsersListQuery,69,0,0,0,19,0,10,0,10,0
Opencast :: jacoco-reports/opencast-list-providers-common,org.opencastproject.list.common.query,SeriesListQuery,175,72,4,0,51,17,30,6,28,6
Opencast :: jacoco-reports/opencast-list-providers-common,org.opencastproject.list.common.query,EventListQuery,298,0,0,0,76,0,38,0,38,0
Opencast :: jacoco-reports/opencast-list-providers-common,org.opencastproject.list.common.query,GroupsListQuery,45,0,0,0,13,0,7,0,7,0
Opencast :: jacoco-reports/opencast-list-providers-impl,org.opencastproject.list.impl,ListProvidersServiceImpl.ResourceTuple,6,49,4,4,2,10,5,4,1,4
Opencast :: jacoco-reports/opencast-list-providers-impl,org.opencastproject.list.impl,ListProvidersScanner.SingleResourceListProviderImpl,16,52,1,1,3,13,3,5,2,5
Opencast :: jacoco-reports/opencast-list-providers-impl,org.opencastproject.list.impl,ListProvidersScanner,34,224,4,14,9,54,3,16,0,10
Opencast :: jacoco-reports/opencast-list-providers-impl,org.opencastproject.list.impl,ListProvidersServiceImpl,24,193,3,11,3,41,3,20,1,15
Opencast :: jacoco-reports/opencast-live-schedule-api,org.opencastproject.liveschedule.api,LiveScheduleException,8,0,0,0,4,0,2,0,2,0
Opencast :: jacoco-reports/opencast-live-schedule-impl,org.opencastproject.liveschedule.message,SchedulerEventUpdateHandler,241,0,32,0,54,0,27,0,8,0
Opencast :: jacoco-reports/opencast-live-schedule-impl,org.opencastproject.liveschedule.message,UpdateHandler,18,0,0,0,6,0,4,0,4,0
Opencast :: jacoco-reports/opencast-live-schedule-impl,org.opencastproject.liveschedule.message,AssetManagerEventUpdateHandler,142,0,13,0,26,0,12,0,5,0
Opencast :: jacoco-reports/opencast-live-schedule-impl,org.opencastproject.liveschedule.impl,LiveScheduleServiceImpl.new Equator() {...},1,54,4,4,0,6,4,3,0,3
Opencast :: jacoco-reports/opencast-live-schedule-impl,org.opencastproject.liveschedule.impl,LiveScheduleServiceImpl.new Equator() {...},1,94,6,6,0,12,6,3,0,3
Opencast :: jacoco-reports/opencast-live-schedule-impl,org.opencastproject.liveschedule.impl,LiveScheduleServiceImpl,284,1495,46,88,83,298,42,64,2,37
Opencast :: jacoco-reports/opencast-logging-workflowoperation,org.opencastproject.workflow.handler.logging,LoggingWorkflowOperationHandler,26,166,2,14,6,36,2,10,0,4
Opencast :: jacoco-reports/opencast-lti,org.opencastproject.lti,LtiServiceGuiEndpoint,241,0,16,0,62,0,18,0,10,0
Opencast :: jacoco-reports/opencast-lti,org.opencastproject.lti,LtiServlet,370,0,24,0,84,0,17,0,5,0
Opencast :: jacoco-reports/opencast-lti-service-api,org.opencastproject.lti.service.api,LtiJob,15,0,0,0,6,0,3,0,3,0
Opencast :: jacoco-reports/opencast-lti-service-api,org.opencastproject.lti.service.api,LtiFileUpload,15,0,0,0,6,0,3,0,3,0
Opencast :: jacoco-reports/opencast-lti-service-impl,org.opencastproject.lti.service.impl,LtiServiceImpl.new WorkflowListener() {...},116,0,6,0,22,0,5,0,2,0
Opencast :: jacoco-reports/opencast-lti-service-impl,org.opencastproject.lti.service.impl,LtiServiceImpl,1015,0,70,0,236,0,67,0,32,0
Opencast :: jacoco-reports/opencast-lti-service-impl,org.opencastproject.lti.service.endpoint,LtiServiceRestEndpoint.new TypeToken() {...},3,0,0,0,1,0,1,0,1,0
Opencast :: jacoco-reports/opencast-lti-service-impl,org.opencastproject.lti.service.endpoint,LtiServiceRestEndpoint,234,0,18,0,61,0,19,0,10,0
Opencast :: jacoco-reports/opencast-lti-service-remote,org.opencastproject.lti.endpoint,LtiServiceRemoteImpl,306,0,22,0,72,0,23,0,12,0
Opencast :: jacoco-reports/opencast-lti-service-remote,org.opencastproject.lti.endpoint,LtiServiceRemoteImpl.new TypeToken() {...},3,0,0,0,1,0,1,0,1,0
Opencast :: jacoco-reports/opencast-matrix-notification-workflowoperation,org.opencastproject.workflow.handler.matrix,MatrixNotificationWorkflowOperationHandler,247,0,10,0,46,0,10,0,5,0
Opencast :: jacoco-reports/opencast-mattermost-notification-workflowoperation,org.opencastproject.workflow.handler.mattermost.notification,MattermostNotificationWorkflowOperationHandler,414,0,24,0,85,0,18,0,6,0
Opencast :: jacoco-reports/opencast-message-broker-api,org.opencastproject.message.broker.api.series,SeriesItem.Type,0,27,0,0,0,2,0,1,0,1
Opencast :: jacoco-reports/opencast-message-broker-api,org.opencastproject.message.broker.api.series,SeriesItem,81,111,8,10,19,23,16,9,11,5
Opencast :: jacoco-reports/opencast-message-broker-api,org.opencastproject.message.broker.api.assetmanager,AssetManagerItem.TakeSnapshot.new Function() {...},0,6,0,0,0,2,0,2,0,2
Opencast :: jacoco-reports/opencast-message-broker-api,org.opencastproject.message.broker.api.assetmanager,AssetManagerItem.Type,0,15,0,0,0,2,0,1,0,1
Opencast :: jacoco-reports/opencast-message-broker-api,org.opencastproject.message.broker.api.assetmanager,AssetManagerItem.TakeSnapshot.new Function() {...},0,6,0,0,0,2,0,2,0,2
Opencast :: jacoco-reports/opencast-message-broker-api,org.opencastproject.message.broker.api.assetmanager,AssetManagerItem.TakeSnapshot.new Function() {...},0,6,0,0,0,2,0,2,0,2
Opencast :: jacoco-reports/opencast-message-broker-api,org.opencastproject.message.broker.api.assetmanager,AssetManagerItem.TakeSnapshot,14,61,1,1,5,17,1,8,0,8
Opencast :: jacoco-reports/opencast-message-broker-api,org.opencastproject.message.broker.api.assetmanager,AssetManagerItem,15,75,0,2,3,14,0,6,0,5
Opencast :: jacoco-reports/opencast-message-broker-api,org.opencastproject.message.broker.api.assetmanager,AssetManagerItem.DeleteEpisode.new Function() {...},0,6,0,0,0,2,0,2,0,2
Opencast :: jacoco-reports/opencast-message-broker-api,org.opencastproject.message.broker.api.assetmanager,AssetManagerItem.DeleteEpisode,0,19,0,0,0,6,0,5,0,5
Opencast :: jacoco-reports/opencast-message-broker-api,org.opencastproject.message.broker.api.scheduler,SchedulerItemList,0,28,0,0,0,10,0,4,0,4
Opencast :: jacoco-reports/opencast-message-broker-api,org.opencastproject.message.broker.api.scheduler,SchedulerItem,142,310,8,6,34,94,16,21,12,18
Opencast :: jacoco-reports/opencast-message-broker-api,org.opencastproject.message.broker.api.scheduler,SchedulerItem.Type,0,63,0,0,0,3,0,1,0,1
Opencast :: jacoco-reports/opencast-metadata,org.opencastproject.metadata,StaticMetadataServiceMediaPackageImpl,68,0,6,0,23,0,11,0,8,0
Opencast :: jacoco-reports/opencast-metadata,org.opencastproject.metadata,StaticMetadataServiceMediaPackageImpl.new StaticMetadata() {...},105,0,4,0,25,0,23,0,21,0
Opencast :: jacoco-reports/opencast-metadata-api,org.opencastproject.metadata.api,MediapackageMetadataImpl,17,67,3,3,7,27,5,17,2,17
Opencast :: jacoco-reports/opencast-metadata-api,org.opencastproject.metadata.api,MetadataValue,45,26,0,0,10,7,3,3,3,3
Opencast :: jacoco-reports/opencast-metadata-api,org.opencastproject.metadata.api.util,Interval.new Interval() {...},0,20,0,0,0,4,0,4,0,4
Opencast :: jacoco-reports/opencast-metadata-api,org.opencastproject.metadata.api.util,Interval.new Interval() {...},0,15,0,0,0,4,0,4,0,4
Opencast :: jacoco-reports/opencast-metadata-api,org.opencastproject.metadata.api.util,Interval.new Interval() {...},0,15,0,0,0,4,0,4,0,4
Opencast :: jacoco-reports/opencast-metadata-api,org.opencastproject.metadata.api.util,MediaPackageMetadataSupport,145,51,28,12,19,14,19,2,0,1
Opencast :: jacoco-reports/opencast-metadata-api,org.opencastproject.metadata.api.util,Interval,23,26,8,4,7,4,5,6,1,4
Opencast :: jacoco-reports/opencast-metadata-to-acl-workflowoperation,org.opencastproject.workflow.handler.metadatatoacl,MetadataToAclWorkflowOperationHandler,23,131,1,5,5,32,1,9,0,7
Opencast :: jacoco-reports/opencast-metrics-exporter,org.opencastproject.metrics.impl,MetricsExporter.JobLabel,0,9,0,0,0,1,0,1,0,1
Opencast :: jacoco-reports/opencast-metrics-exporter,org.opencastproject.metrics.impl,MetricsExporter,129,492,14,12,20,93,11,10,2,6
Opencast :: jacoco-reports/opencast-mpeg7,org.opencastproject.metadata.mpeg7,TemporalDecomposition.DecompositionCriteria,0,9,0,0,0,2,0,1,0,1
Opencast :: jacoco-reports/opencast-mpeg7,org.opencastproject.metadata.mpeg7,MultimediaContentTypeImpl,12,118,3,9,2,32,3,12,0,9
Opencast :: jacoco-reports/opencast-mpeg7,org.opencastproject.metadata.mpeg7,Segment.Type,0,21,0,0,0,2,0,1,0,1
Opencast :: jacoco-reports/opencast-mpeg7,org.opencastproject.metadata.mpeg7,MultimediaContent.Type,0,21,0,0,0,2,0,1,0,1
Opencast :: jacoco-reports/opencast-mpeg7,org.opencastproject.metadata.mpeg7,TextAnnotationImpl,22,173,2,10,6,43,5,14,3,10
Opencast :: jacoco-reports/opencast-mpeg7,org.opencastproject.metadata.mpeg7,MediaDurationImpl,49,390,5,25,18,73,14,22,9,12
Opencast :: jacoco-reports/opencast-mpeg7,org.opencastproject.metadata.mpeg7,Mpeg7Parser,151,688,14,76,25,148,17,39,4,7
Opencast :: jacoco-reports/opencast-mpeg7,org.opencastproject.metadata.mpeg7,SpatioTemporalDecompositionImpl,24,109,4,6,5,27,5,10,1,9
Opencast :: jacoco-reports/opencast-mpeg7,org.opencastproject.metadata.mpeg7,MediaRelTimeImpl,15,11,0,0,2,2,1,1,1,1
Opencast :: jacoco-reports/opencast-mpeg7,org.opencastproject.metadata.mpeg7,KeywordAnnotationImpl,9,36,1,1,2,13,2,4,1,4
Opencast :: jacoco-reports/opencast-mpeg7,org.opencastproject.metadata.mpeg7,MultimediaContentImpl,28,79,2,4,5,19,5,7,3,6
Opencast :: jacoco-reports/opencast-mpeg7,org.opencastproject.metadata.mpeg7,VideoText.Type,0,15,0,0,0,2,0,1,0,1
Opencast :: jacoco-reports/opencast-mpeg7,org.opencastproject.metadata.mpeg7,VideoTextImpl,42,235,5,5,14,56,12,11,7,11
Opencast :: jacoco-reports/opencast-mpeg7,org.opencastproject.metadata.mpeg7,MediaTimeImpl,25,68,1,3,6,18,3,6,2,5
Opencast :: jacoco-reports/opencast-mpeg7,org.opencastproject.metadata.mpeg7,TextualImpl,51,85,8,4,15,26,11,8,5,8
Opencast :: jacoco-reports/opencast-mpeg7,org.opencastproject.metadata.mpeg7,FreeTextAnnotationImpl,0,22,0,0,0,8,0,3,0,3
Opencast :: jacoco-reports/opencast-mpeg7,org.opencastproject.metadata.mpeg7,SegmentImpl,57,185,5,17,11,44,9,21,5,14
Opencast :: jacoco-reports/opencast-mpeg7,org.opencastproject.metadata.mpeg7,Mpeg7Parser.ParserState,0,27,0,0,0,2,0,1,0,1
Opencast :: jacoco-reports/opencast-mpeg7,org.opencastproject.metadata.mpeg7,Mpeg7CatalogService,18,33,2,0,5,7,2,3,1,3
Opencast :: jacoco-reports/opencast-mpeg7,org.opencastproject.metadata.mpeg7,MediaTimePointImpl,73,496,7,9,25,95,19,19,13,17
Opencast :: jacoco-reports/opencast-mpeg7,org.opencastproject.metadata.mpeg7,MediaLocatorImpl,10,45,2,2,2,16,2,5,0,5
Opencast :: jacoco-reports/opencast-mpeg7,org.opencastproject.metadata.mpeg7,SegmentImpl.new Comparator() {...},21,0,4,0,6,0,4,0,2,0
Opencast :: jacoco-reports/opencast-mpeg7,org.opencastproject.metadata.mpeg7,SegmentImpl.new Comparator() {...},21,0,4,0,6,0,4,0,2,0
Opencast :: jacoco-reports/opencast-mpeg7,org.opencastproject.metadata.mpeg7,Mpeg7CatalogImpl,154,261,27,15,50,72,27,19,9,16
Opencast :: jacoco-reports/opencast-mpeg7,org.opencastproject.metadata.mpeg7,TemporalDecompositionImpl,24,142,7,9,7,35,7,13,1,11
Opencast :: jacoco-reports/opencast-mpeg7,org.opencastproject.metadata.mpeg7,SpatioTemporalLocatorImpl,11,25,2,0,4,8,2,3,1,3
Opencast :: jacoco-reports/opencast-mpeg7,org.opencastproject.metadata.mpeg7,KeywordAnnotation.Type,21,0,0,0,2,0,1,0,1,0
Opencast :: jacoco-reports/opencast-mpeg7,org.opencastproject.metadata.mpeg7,Mpeg7Catalog,4,0,0,0,1,0,1,0,1,0
Opencast :: jacoco-reports/opencast-mpeg7,org.opencastproject.metadata.mpeg7,MediaRelTimePointImpl,40,197,3,3,11,37,5,8,2,8
Opencast :: jacoco-reports/opencast-mpeg7,org.opencastproject.metadata.mpeg7,MultimediaContentType.Type,0,21,0,0,0,2,0,1,0,1
Opencast :: jacoco-reports/opencast-notification-workflowoperation,org.opencastproject.workflow.handler.notification,EmailWorkflowOperationHandler,30,362,4,34,9,72,6,24,2,9
Opencast :: jacoco-reports/opencast-notification-workflowoperation,org.opencastproject.workflow.handler.notification,MediaPackagePostOperationHandler,144,111,12,6,31,24,10,4,2,3
Opencast :: jacoco-reports/opencast-notification-workflowoperation,org.opencastproject.workflow.handler.notification,MediaPackagePostOperationHandler.Configuration.Format,0,15,0,0,0,2,0,1,0,1
Opencast :: jacoco-reports/opencast-notification-workflowoperation,org.opencastproject.workflow.handler.notification,HttpNotificationWorkflowOperationHandler,133,164,16,6,28,37,12,4,1,4
Opencast :: jacoco-reports/opencast-notification-workflowoperation,org.opencastproject.workflow.handler.notification,MediaPackagePostOperationHandler.Configuration,94,118,19,9,17,31,14,9,1,8
Opencast :: jacoco-reports/opencast-oaipmh,org.opencastproject.oaipmh.util,XmlGen.Namespace,0,15,0,0,0,6,0,3,0,3
Opencast :: jacoco-reports/opencast-oaipmh,org.opencastproject.oaipmh.util,OsgiUtil,70,0,8,0,18,0,8,0,4,0
Opencast :: jacoco-reports/opencast-oaipmh,org.opencastproject.oaipmh.util,ResumptionTokenStore,39,0,0,0,9,0,5,0,5,0
Opencast :: jacoco-reports/opencast-oaipmh,org.opencastproject.oaipmh.util,XmlGen,227,295,15,13,51,63,24,32,15,27
Opencast :: jacoco-reports/opencast-oaipmh,org.opencastproject.oaipmh.util,ConcurrencyUtil,27,0,4,0,10,0,3,0,1,0
Opencast :: jacoco-reports/opencast-oaipmh,org.opencastproject.oaipmh.server,OaiPmhRepository.ListItemsEnv.BadResumptionTokenException,6,0,0,0,1,0,1,0,1,0
Opencast :: jacoco-reports/opencast-oaipmh,org.opencastproject.oaipmh.server,Functions,5,20,0,0,2,6,0,3,0,3
Opencast :: jacoco-reports/opencast-oaipmh,org.opencastproject.oaipmh.server,OaiPmhRepository.4.1.new Function() {...},0,33,0,0,0,5,0,2,0,2
Opencast :: jacoco-reports/opencast-oaipmh,org.opencastproject.oaipmh.server,OaiPmhServer,327,22,16,0,88,6,25,3,17,3
Opencast :: jacoco-reports/opencast-oaipmh,org.opencastproject.oaipmh.server,OaiPmhRepository.BadArgumentException,3,0,0,0,1,0,1,0,1,0
Opencast :: jacoco-reports/opencast-oaipmh,org.opencastproject.oaipmh.server,OaiPmhServer.new Params() {...},17,0,0,0,3,0,3,0,3,0
Opencast :: jacoco-reports/opencast-oaipmh,org.opencastproject.oaipmh.server,OaiPmhRepository.new OaiXmlGen() {...},0,69,0,0,0,5,0,2,0,2
Opencast :: jacoco-reports/opencast-oaipmh,org.opencastproject.oaipmh.server,OaiPmhRepository.5.new OaiPmhRepository.ListItemsEnv.ListXmlGen() {...},0,19,0,0,0,4,0,3,0,3
Opencast :: jacoco-reports/opencast-oaipmh,org.opencastproject.oaipmh.server,OaiPmhRepository.4.new OaiPmhRepository.ListItemsEnv.ListXmlGen() {...},0,21,0,0,0,4,0,2,0,2
Opencast :: jacoco-reports/opencast-oaipmh,org.opencastproject.oaipmh.server,OaiPmhRepository.new OaiVerbXmlGen() {...},0,49,0,0,0,5,0,3,0,3
Opencast :: jacoco-reports/opencast-oaipmh,org.opencastproject.oaipmh.server,OaiPmhRepository.new OaiPmhRepository.ListItemsEnv() {...},0,13,0,0,0,2,0,2,0,2
Opencast :: jacoco-reports/opencast-oaipmh,org.opencastproject.oaipmh.server,OaiPmhRepository.new OaiPmhRepository.ListItemsEnv() {...},0,10,0,0,0,2,0,2,0,2
Opencast :: jacoco-reports/opencast-oaipmh,org.opencastproject.oaipmh.server,OaiPmhRepository.new OaiVerbXmlGen() {...},109,20,3,1,11,3,3,2,1,2
Opencast :: jacoco-reports/opencast-oaipmh,org.opencastproject.oaipmh.server,OaiDcMetadataProvider,0,14,0,0,0,4,0,3,0,3
Opencast :: jacoco-reports/opencast-oaipmh,org.opencastproject.oaipmh.server,OaiVerbXmlGen,0,53,0,0,0,6,0,4,0,4
Opencast :: jacoco-reports/opencast-oaipmh,org.opencastproject.oaipmh.server,OaiPmhRepository.new OaiVerbXmlGen() {...},0,70,0,0,0,4,0,2,0,2
Opencast :: jacoco-reports/opencast-oaipmh,org.opencastproject.oaipmh.server,OaiPmhRepository.new OaiVerbXmlGen() {...},0,92,0,0,0,10,0,2,0,2
Opencast :: jacoco-reports/opencast-oaipmh,org.opencastproject.oaipmh.server,OaiPmhRepository,308,346,44,22,69,76,34,30,8,22
Opencast :: jacoco-reports/opencast-oaipmh,org.opencastproject.oaipmh.server,DefaultRepository,63,0,0,0,17,0,12,0,12,0
Opencast :: jacoco-reports/opencast-oaipmh,org.opencastproject.oaipmh.server,Params,24,135,0,0,6,14,1,20,1,20
Opencast :: jacoco-reports/opencast-oaipmh,org.opencastproject.oaipmh.server,OaiDcMetadataProvider.new OaiXmlGen() {...},0,17,0,0,0,2,0,2,0,2
Opencast :: jacoco-reports/opencast-oaipmh,org.opencastproject.oaipmh.server,OaiPmhRepository.ListItemsEnv.new Function() {...},16,6,0,0,1,1,2,1,2,1
Opencast :: jacoco-reports/opencast-oaipmh,org.opencastproject.oaipmh.server,ResumableQuery,12,15,0,0,4,6,4,1,4,1
Opencast :: jacoco-reports/opencast-oaipmh,org.opencastproject.oaipmh.server,OaiPmhRepository.ListItemsEnv,143,252,18,26,25,48,21,14,6,7
Opencast :: jacoco-reports/opencast-oaipmh,org.opencastproject.oaipmh.server,ListGenParams,0,57,0,0,0,20,0,10,0,10
Opencast :: jacoco-reports/opencast-oaipmh,org.opencastproject.oaipmh.server,OaiXmlGen,37,443,2,10,5,63,2,19,0,15
Opencast :: jacoco-reports/opencast-oaipmh,org.opencastproject.oaipmh.server,OsgiOaiPmhServerInfoRestEndpoint,10,0,0,0,4,0,3,0,3,0
Opencast :: jacoco-reports/opencast-oaipmh,org.opencastproject.oaipmh.server,OaiPmhRepository.ListItemsEnv.ListXmlGen,9,113,1,1,1,13,1,3,0,3
Opencast :: jacoco-reports/opencast-oaipmh,org.opencastproject.oaipmh.server,AbstractOaiPmhServerInfoRestEndpoint,0,14,0,0,0,3,0,3,0,3
Opencast :: jacoco-reports/opencast-oaipmh,org.opencastproject.oaipmh.matterhorn,MatterhornMetadataProvider,30,0,0,0,8,0,4,0,4,0
Opencast :: jacoco-reports/opencast-oaipmh,org.opencastproject.oaipmh.matterhorn,MatterhornInlinedMetadataProvider.new XmlGen() {...},3,85,2,4,1,11,2,4,0,3
Opencast :: jacoco-reports/opencast-oaipmh,org.opencastproject.oaipmh.matterhorn,MatterhornInlinedMetadataProvider.new MetadataFormat() {...},4,5,0,0,2,2,2,2,2,2
Opencast :: jacoco-reports/opencast-oaipmh,org.opencastproject.oaipmh.matterhorn,MatterhornInlinedMetadataProvider,0,30,0,0,0,8,0,4,0,4
Opencast :: jacoco-reports/opencast-oaipmh,org.opencastproject.oaipmh.matterhorn,MatterhornMetadataProvider.new XmlGen() {...},12,0,0,0,2,0,2,0,2,0
Opencast :: jacoco-reports/opencast-oaipmh,org.opencastproject.oaipmh.matterhorn,MatterhornMetadataProvider.new MetadataFormat() {...},9,0,0,0,4,0,4,0,4,0
Opencast :: jacoco-reports/opencast-oaipmh,org.opencastproject.oaipmh.harvester,OaiPmhNamespaceContext,0,15,0,0,0,5,0,3,0,3
Opencast :: jacoco-reports/opencast-oaipmh,org.opencastproject.oaipmh,OaiPmhConstants,0,11,0,0,0,3,0,1,0,1
Opencast :: jacoco-reports/opencast-oaipmh,org.opencastproject.oaipmh,OaiPmhConstants.new MetadataFormat() {...},0,9,0,0,0,4,0,4,0,4
Opencast :: jacoco-reports/opencast-oaipmh,org.opencastproject.oaipmh,Granularity,0,15,0,0,0,2,0,1,0,1
Opencast :: jacoco-reports/opencast-oaipmh,org.opencastproject.oaipmh,OaiPmhUtil,30,61,7,5,8,18,6,9,1,7
Opencast :: jacoco-reports/opencast-oaipmh-api,org.opencastproject.oaipmh.server,OaiPmhServerInfoUtil,8,0,0,0,1,0,1,0,1,0
Opencast :: jacoco-reports/opencast-oaipmh-persistence,org.opencastproject.oaipmh.persistence,OaiPmhDatabaseException,9,4,0,0,4,2,2,1,2,1
Opencast :: jacoco-reports/opencast-oaipmh-persistence,org.opencastproject.oaipmh.persistence,OaiPmhSetDefinitionImpl,118,120,10,10,12,30,11,6,3,4
Opencast :: jacoco-reports/opencast-oaipmh-persistence,org.opencastproject.oaipmh.persistence,OaiPmhEntity,51,109,4,0,12,36,7,16,5,16
Opencast :: jacoco-reports/opencast-oaipmh-persistence,org.opencastproject.oaipmh.persistence,QueryBuilder.new Query() {...},3,66,0,0,1,11,1,11,1,11
Opencast :: jacoco-reports/opencast-oaipmh-persistence,org.opencastproject.oaipmh.persistence,QueryBuilder,86,167,1,1,26,50,8,16,7,16
Opencast :: jacoco-reports/opencast-oaipmh-persistence,org.opencastproject.oaipmh.persistence,OaiPmhSetDefinitionImpl.new OaiPmhSetDefinitionFilter() {...},0,16,0,0,0,3,0,3,0,3
Opencast :: jacoco-reports/opencast-oaipmh-persistence,org.opencastproject.oaipmh.persistence,OaiPmhEntityId,33,0,0,0,14,0,7,0,7,0
Opencast :: jacoco-reports/opencast-oaipmh-persistence,org.opencastproject.oaipmh.persistence,OaiPmhElementEntity,15,28,0,0,7,11,4,6,4,6
Opencast :: jacoco-reports/opencast-oaipmh-persistence,org.opencastproject.oaipmh.persistence.impl,OaiPmhDatabaseImpl,4,43,0,0,2,16,1,10,1,10
Opencast :: jacoco-reports/opencast-oaipmh-persistence,org.opencastproject.oaipmh.persistence.impl,SearchResultElementItemImpl,19,46,3,1,4,13,3,7,1,7
Opencast :: jacoco-reports/opencast-oaipmh-persistence,org.opencastproject.oaipmh.persistence.impl,SearchResultImpl,0,26,0,0,0,9,0,5,0,5
Opencast :: jacoco-reports/opencast-oaipmh-persistence,org.opencastproject.oaipmh.persistence.impl,AbstractOaiPmhDatabase,306,595,46,48,57,123,29,34,0,16
Opencast :: jacoco-reports/opencast-oaipmh-persistence,org.opencastproject.oaipmh.persistence.impl,SearchResultItemImpl,83,105,6,4,23,26,8,11,4,10
Opencast :: jacoco-reports/opencast-oaipmh-remote,org.opencastproject.oaipmh.server.remote,OaiPmhServerInfoRemoteImpl,91,0,4,0,22,0,8,0,6,0
Opencast :: jacoco-reports/opencast-playlists,org.opencastproject.playlists.serialization,JaxbPlaylistAccessControlEntry,61,34,6,0,17,9,5,3,2,3
Opencast :: jacoco-reports/opencast-playlists,org.opencastproject.playlists.serialization,JaxbPlaylistEntry,88,33,10,0,28,9,15,3,10,3
Opencast :: jacoco-reports/opencast-playlists,org.opencastproject.playlists.serialization,JaxbPlaylist,140,90,18,0,37,29,14,3,5,3
Opencast :: jacoco-reports/opencast-playlists,org.opencastproject.playlists.serialization,JaxbPlaylist.DateAdapter,4,17,2,2,0,3,2,3,0,3
Opencast :: jacoco-reports/opencast-playlists,org.opencastproject.playlists.persistence,PlaylistEntryTypeConverter,29,0,4,0,10,0,6,0,4,0
Opencast :: jacoco-reports/opencast-playlists,org.opencastproject.playlists.persistence,PlaylistDatabaseServiceImpl,150,246,3,9,27,51,5,22,2,19
Opencast :: jacoco-reports/opencast-playlists,org.opencastproject.playlists.persistence,PlaylistDatabaseException,13,0,0,0,6,0,3,0,3,0
Opencast :: jacoco-reports/opencast-playlists,org.opencastproject.playlists,PlaylistService,507,229,48,24,116,49,41,19,12,12
Opencast :: jacoco-reports/opencast-playlists,org.opencastproject.playlists,PlaylistRestService,338,4,12,0,78,1,23,1,17,1
Opencast :: jacoco-reports/opencast-playlists,org.opencastproject.playlists,PlaylistEntry,27,67,2,8,9,21,7,11,5,8
Opencast :: jacoco-reports/opencast-playlists,org.opencastproject.playlists,Playlist,38,178,6,8,7,55,5,27,2,23
Opencast :: jacoco-reports/opencast-playlists,org.opencastproject.playlists,PlaylistEntryType,3,25,0,0,1,5,1,2,1,2
Opencast :: jacoco-reports/opencast-playlists,org.opencastproject.playlists,PlaylistAccessControlEntry,42,46,0,0,14,19,7,8,7,8
Opencast :: jacoco-reports/opencast-playlists,org.opencastproject.playlists,PlaylistRestService.new GenericEntity() {...},4,0,0,0,1,0,1,0,1,0
Opencast :: jacoco-reports/opencast-plugin-manager,org.opencastproject.plugin.impl,PluginManagerImpl,118,0,4,0,32,0,13,0,11,0
Opencast :: jacoco-reports/opencast-plugin-manager,org.opencastproject.plugin.impl,PluginManagerImpl.PluginStarter,184,0,16,0,41,0,13,0,5,0
Opencast :: jacoco-reports/opencast-plugin-manager,org.opencastproject.plugin.command,PluginList,74,0,6,0,16,0,5,0,2,0
Opencast :: jacoco-reports/opencast-plugin-manager,org.opencastproject.plugin.command,PluginDisable,81,0,6,0,19,0,5,0,2,0
Opencast :: jacoco-reports/opencast-plugin-manager,org.opencastproject.plugin.command,PluginEnable,81,0,6,0,19,0,5,0,2,0
Opencast :: jacoco-reports/opencast-plugin-manager,org.opencastproject.plugin.command.completers,PluginNameCompleter,23,0,0,0,4,0,2,0,2,0
Opencast :: jacoco-reports/opencast-publication-service-api,org.opencastproject.publication.api,PublicationException,13,0,0,0,6,0,3,0,3,0
Opencast :: jacoco-reports/opencast-publication-service-configurable,org.opencastproject.publication.configurable,ConfigurablePublicationServiceImpl,436,0,24,0,96,0,33,0,21,0
Opencast :: jacoco-reports/opencast-publication-service-configurable,org.opencastproject.publication.configurable,ConfigurablePublicationServiceImpl.new TypeToken() {...},3,0,0,0,1,0,1,0,1,0
Opencast :: jacoco-reports/opencast-publication-service-configurable,org.opencastproject.publication.configurable,ConfigurablePublicationServiceImpl.Operation,9,0,0,0,2,0,1,0,1,0
Opencast :: jacoco-reports/opencast-publication-service-configurable,org.opencastproject.publication.configurable.endpoint,ConfigurablePublicationRestService.new TypeToken() {...},3,0,0,0,1,0,1,0,1,0
Opencast :: jacoco-reports/opencast-publication-service-configurable,org.opencastproject.publication.configurable.endpoint,ConfigurablePublicationRestService.new TypeToken() {...},3,0,0,0,1,0,1,0,1,0
Opencast :: jacoco-reports/opencast-publication-service-configurable,org.opencastproject.publication.configurable.endpoint,ConfigurablePublicationRestService,127,0,0,0,34,0,8,0,8,0
Opencast :: jacoco-reports/opencast-publication-service-configurable-remote,org.opencastproject.publication.configurable.remote,ConfigurablePublicationServiceRemoteImpl,229,0,4,0,45,0,8,0,6,0
Opencast :: jacoco-reports/opencast-publication-service-oaipmh,org.opencastproject.publication.oaipmh,OaiPmhPublicationServiceImpl.Operation,0,27,0,0,0,2,0,1,0,1
Opencast :: jacoco-reports/opencast-publication-service-oaipmh,org.opencastproject.publication.oaipmh,OaiPmhPublicationServiceImpl,2647,139,252,5,513,29,174,9,44,9
Opencast :: jacoco-reports/opencast-publication-service-oaipmh,org.opencastproject.publication.oaipmh.endpoint,OaiPmhPublicationRestService,311,58,12,2,77,17,19,6,13,5
Opencast :: jacoco-reports/opencast-publication-service-oaipmh-remote,org.opencastproject.publication.oaipmh.remote,OaiPmhPublicationServiceRemoteImpl,540,102,9,1,85,22,9,5,4,5
Opencast :: jacoco-reports/opencast-publication-service-youtube-remote,org.opencastproject.publication.youtube.remote,YouTubePublicationServiceRemoteImpl,154,0,4,0,35,0,8,0,6,0
Opencast :: jacoco-reports/opencast-publication-service-youtube-v3,org.opencastproject.publication.youtube,YouTubeKey,0,45,0,0,0,8,0,1,0,1
Opencast :: jacoco-reports/opencast-publication-service-youtube-v3,org.opencastproject.publication.youtube,VideoUpload,39,0,0,0,14,0,7,0,7,0
Opencast :: jacoco-reports/opencast-publication-service-youtube-v3,org.opencastproject.publication.youtube,YouTubeAPIVersion3ServiceImpl,505,0,26,0,122,0,29,0,16,0
Opencast :: jacoco-reports/opencast-publication-service-youtube-v3,org.opencastproject.publication.youtube,YouTubeV3PublicationServiceImpl,618,126,61,2,139,34,46,9,14,9
Opencast :: jacoco-reports/opencast-publication-service-youtube-v3,org.opencastproject.publication.youtube,YouTubePublicationAdapter,148,0,18,0,37,0,16,0,7,0
Opencast :: jacoco-reports/opencast-publication-service-youtube-v3,org.opencastproject.publication.youtube,YouTubeUtils,0,35,0,4,0,8,0,5,0,3
Opencast :: jacoco-reports/opencast-publication-service-youtube-v3,org.opencastproject.publication.youtube,UploadProgressListener,67,0,5,0,22,0,7,0,3,0
Opencast :: jacoco-reports/opencast-publication-service-youtube-v3,org.opencastproject.publication.youtube,YouTubeV3PublicationServiceImpl.Operation,0,15,0,0,0,2,0,1,0,1
Opencast :: jacoco-reports/opencast-publication-service-youtube-v3,org.opencastproject.publication.youtube.auth,OAuth2CredentialFactoryImpl,172,0,2,0,37,0,5,0,4,0
Opencast :: jacoco-reports/opencast-publication-service-youtube-v3,org.opencastproject.publication.youtube.auth,GoogleAPICredentialRequestor,6,75,2,6,0,21,2,6,0,4
Opencast :: jacoco-reports/opencast-publication-service-youtube-v3,org.opencastproject.publication.youtube.auth,ClientCredentials,13,80,2,2,3,20,3,10,1,10
Opencast :: jacoco-reports/opencast-publication-service-youtube-v3,org.opencastproject.publication.youtube.endpoint,YouTubePublicationRestService,94,0,4,0,26,0,9,0,7,0
Opencast :: jacoco-reports/opencast-redirect,org.opencastproject.redirect,RedirectEndpoint,0,51,1,5,0,11,1,4,0,2
Opencast :: jacoco-reports/opencast-rename-files-workflowoperation,org.opencastproject.workflow.handler.rename,RenameFilesWorkflowOperationHandler,359,0,14,0,75,0,17,0,10,0
Opencast :: jacoco-reports/opencast-rest-test-environment,org.opencastproject.test.rest,RestServiceTestEnv,41,100,5,3,14,26,4,6,0,6
Opencast :: jacoco-reports/opencast-rest-test-environment,org.opencastproject.test.rest,NotFoundExceptionMapper,0,11,0,0,0,3,0,2,0,2
Opencast :: jacoco-reports/opencast-runtime-info,org.opencastproject.runtimeinfo,RestDocsServlet,297,0,26,0,63,0,24,0,11,0
Opencast :: jacoco-reports/opencast-runtime-info,org.opencastproject.runtimeinfo,RuntimeInfo,523,231,24,19,113,57,25,15,12,6
Opencast :: jacoco-reports/opencast-runtime-info,org.opencastproject.runtimeinfo,RuntimeInfo.Health,8,41,0,0,4,14,2,7,2,7
Opencast :: jacoco-reports/opencast-runtime-info,org.opencastproject.runtimeinfo.rest,RestEndpointData,196,235,30,20,37,67,32,20,8,19
Opencast :: jacoco-reports/opencast-runtime-info,org.opencastproject.runtimeinfo.rest,RestFormData,203,0,36,0,57,0,27,0,9,0
Opencast :: jacoco-reports/opencast-runtime-info,org.opencastproject.runtimeinfo.rest,RestParamData.Type,0,45,0,0,0,2,0,1,0,1
Opencast :: jacoco-reports/opencast-runtime-info,org.opencastproject.runtimeinfo.rest,RestFormatData,25,19,6,2,5,7,6,2,2,2
Opencast :: jacoco-reports/opencast-runtime-info,org.opencastproject.runtimeinfo.rest,RestParamData,73,101,14,10,20,32,19,11,8,10
Opencast :: jacoco-reports/opencast-runtime-info,org.opencastproject.runtimeinfo.rest,StatusData,141,67,42,9,82,24,46,9,4,6
Opencast :: jacoco-reports/opencast-runtime-info,org.opencastproject.runtimeinfo.rest,RestEndpointHolderData,65,14,8,2,16,6,12,1,7,1
Opencast :: jacoco-reports/opencast-runtime-info,org.opencastproject.runtimeinfo.rest,RestDocData,384,51,58,4,70,8,37,2,6,2
Opencast :: jacoco-reports/opencast-runtime-info-ui,org.opencastproject.runtimeinfo.ui,WelcomeResources,25,90,4,6,6,17,3,6,1,3
Opencast :: jacoco-reports/opencast-scheduler-api,org.opencastproject.scheduler.api,SchedulerConflictException,11,4,0,0,5,2,3,1,3,1
Opencast :: jacoco-reports/opencast-scheduler-api,org.opencastproject.scheduler.api,RecordingImpl,0,39,0,0,0,15,0,6,0,6
Opencast :: jacoco-reports/opencast-scheduler-api,org.opencastproject.scheduler.api,RecordingState,0,69,0,0,0,2,0,1,0,1
Opencast :: jacoco-reports/opencast-scheduler-api,org.opencastproject.scheduler.api,TechnicalMetadataImpl,35,63,0,0,17,20,9,8,9,8
Opencast :: jacoco-reports/opencast-scheduler-api,org.opencastproject.scheduler.api,SchedulerException,9,4,0,0,4,2,2,1,2,1
Opencast :: jacoco-reports/opencast-scheduler-api,org.opencastproject.scheduler.api,Util,65,319,16,6,8,51,11,6,2,4
Opencast :: jacoco-reports/opencast-scheduler-api,org.opencastproject.scheduler.api,Period,111,0,16,0,16,0,17,0,9,0
Opencast :: jacoco-reports/opencast-scheduler-impl,org.opencastproject.scheduler.impl,RuntimeNotFoundException,0,9,0,0,0,4,0,2,0,2
Opencast :: jacoco-reports/opencast-scheduler-impl,org.opencastproject.scheduler.impl,SchedulerServiceDatabaseException,4,0,0,0,2,0,1,0,1,0
Opencast :: jacoco-reports/opencast-scheduler-impl,org.opencastproject.scheduler.impl,OldScheduledScanner,112,0,2,0,42,0,17,0,16,0
Opencast :: jacoco-reports/opencast-scheduler-impl,org.opencastproject.scheduler.impl,CaptureNowProlongingService,404,0,12,0,109,0,29,0,23,0
Opencast :: jacoco-reports/opencast-scheduler-impl,org.opencastproject.scheduler.impl,SchedulerServiceImpl.new TypeToken() {...},0,3,0,0,0,1,0,1,0,1
Opencast :: jacoco-reports/opencast-scheduler-impl,org.opencastproject.scheduler.impl,SchedulerUtil,379,203,26,16,63,44,14,14,1,6
Opencast :: jacoco-reports/opencast-scheduler-impl,org.opencastproject.scheduler.impl,SchedulerEventImpl,75,0,0,0,26,0,9,0,9,0
Opencast :: jacoco-reports/opencast-scheduler-impl,org.opencastproject.scheduler.impl,SchedulerServiceImpl,723,2867,97,159,181,638,89,119,7,73
Opencast :: jacoco-reports/opencast-scheduler-impl,org.opencastproject.scheduler.impl,CalendarGenerator,122,256,9,5,33,51,8,5,1,5
Opencast :: jacoco-reports/opencast-scheduler-impl,org.opencastproject.scheduler.impl,CaptureNowProlongingService.Runner,144,0,6,0,38,0,8,0,5,0
Opencast :: jacoco-reports/opencast-scheduler-impl,org.opencastproject.scheduler.impl,OldScheduledScanner.Runner,44,0,2,0,9,0,4,0,3,0
Opencast :: jacoco-reports/opencast-scheduler-impl,org.opencastproject.scheduler.impl,SchedulerUtil.new Comparator() {...},0,9,0,0,0,2,0,2,0,2
Opencast :: jacoco-reports/opencast-scheduler-impl,org.opencastproject.scheduler.impl.persistence,SchedulerServiceDatabaseImpl,90,584,1,33,31,125,1,42,0,26
Opencast :: jacoco-reports/opencast-scheduler-impl,org.opencastproject.scheduler.impl.persistence,EventIdPK,52,9,8,0,11,4,9,1,5,1
Opencast :: jacoco-reports/opencast-scheduler-impl,org.opencastproject.scheduler.impl.persistence,ExtendedEventDto,0,94,0,0,0,41,0,27,0,27
Opencast :: jacoco-reports/opencast-scheduler-impl,org.opencastproject.scheduler.impl.persistence,LastModifiedDto,0,17,0,0,0,8,0,5,0,5
Opencast :: jacoco-reports/opencast-scheduler-impl,org.opencastproject.scheduler.endpoint,SchedulerRestService,2620,91,195,7,632,24,141,6,42,4
Opencast :: jacoco-reports/opencast-scheduler-remote,org.opencastproject.scheduler.remote,SchedulerServiceRemoteImpl,2833,0,206,0,516,0,131,0,28,0
Opencast :: jacoco-reports/opencast-schema,org.opencastproject.schema.test,TestUtil,0,4,0,0,0,1,0,1,0,1
Opencast :: jacoco-reports/opencast-schema,org.opencastproject.schema.test,TestUtil.new OcDublinCore() {...},0,446,0,0,0,111,0,56,0,56
Opencast :: jacoco-reports/opencast-schema,org.opencastproject.schema,JaxbOcDublinCore,0,3,0,0,0,1,0,1,0,1
Opencast :: jacoco-reports/opencast-schema,org.opencastproject.schema,OcDublinCoreBuilder,786,396,0,0,275,113,167,2,167,2
Opencast :: jacoco-reports/opencast-schema,org.opencastproject.schema,OcDublinCoreUtil,0,1013,53,53,0,173,53,8,0,8
Opencast :: jacoco-reports/opencast-search-service-api,org.opencastproject.search.api,SearchResult,622,0,48,0,121,0,54,0,30,0
Opencast :: jacoco-reports/opencast-search-service-api,org.opencastproject.search.api,SearchResultList,26,0,0,0,9,0,3,0,3,0
Opencast :: jacoco-reports/opencast-search-service-api,org.opencastproject.search.api,SearchService.IndexEntryType,15,0,0,0,2,0,1,0,1,0
Opencast :: jacoco-reports/opencast-search-service-api,org.opencastproject.search.api,SearchException,13,0,0,0,6,0,3,0,3,0
Opencast :: jacoco-reports/opencast-search-service-impl,org.opencastproject.search.impl.persistence,SearchEntity,11,63,1,1,3,23,3,13,2,13
Opencast :: jacoco-reports/opencast-search-service-impl,org.opencastproject.search.impl.persistence,SearchServiceDatabaseException,4,0,0,0,2,0,1,0,1,0
Opencast :: jacoco-reports/opencast-search-service-impl,org.opencastproject.search.impl.persistence,SearchServiceDatabaseImpl,410,579,41,29,99,126,33,32,2,28
Opencast :: jacoco-reports/opencast-search-service-impl,org.opencastproject.search.impl,SearchServiceIndex,1115,0,42,0,264,0,49,0,28,0
Opencast :: jacoco-reports/opencast-search-service-impl,org.opencastproject.search.impl,SearchServiceImpl,448,0,12,0,121,0,36,0,29,0
Opencast :: jacoco-reports/opencast-search-service-impl,org.opencastproject.search.impl,SearchServiceImpl.Operation,21,0,0,0,2,0,1,0,1,0
Opencast :: jacoco-reports/opencast-search-service-impl,org.opencastproject.search.impl,SearchServiceImpl.new CacheLoader() {...},14,0,0,0,2,0,2,0,2,0
Opencast :: jacoco-reports/opencast-search-service-impl,org.opencastproject.search.endpoint,SearchRestService,837,0,98,0,188,0,64,0,15,0
Opencast :: jacoco-reports/opencast-security-aai,org.opencastproject.security.aai,DynamicLoginHandler,414,0,38,0,102,0,40,0,21,0
Opencast :: jacoco-reports/opencast-security-aai,org.opencastproject.security.aai,ConfigurableLoginHandler,830,0,62,0,175,0,49,0,18,0
Opencast :: jacoco-reports/opencast-security-aai,org.opencastproject.security.aai.api,AttributeMapper,44,182,11,13,12,50,10,15,3,10
Opencast :: jacoco-reports/opencast-security-jwt,org.opencastproject.security.jwt,JWTRoleProvider,149,9,20,0,36,4,17,1,7,1
Opencast :: jacoco-reports/opencast-security-jwt,org.opencastproject.security.jwt,JWKSetProvider,64,4,2,0,18,1,4,1,3,1
Opencast :: jacoco-reports/opencast-security-jwt,org.opencastproject.security.jwt,JWTRequestHeaderAuthenticationFilter,7,58,2,6,3,17,3,6,1,4
Opencast :: jacoco-reports/opencast-security-jwt,org.opencastproject.security.jwt,CachedJWT,6,33,0,4,2,7,2,5,2,3
Opencast :: jacoco-reports/opencast-security-jwt,org.opencastproject.security.jwt,Util,47,4,7,1,14,2,4,1,0,1
Opencast :: jacoco-reports/opencast-security-jwt,org.opencastproject.security.jwt,JWTRequestParameterAuthenticationFilter,29,41,5,3,9,13,7,4,3,4
Opencast :: jacoco-reports/opencast-security-jwt,org.opencastproject.security.jwt,DynamicLoginHandler,186,734,42,48,46,181,36,43,4,30
Opencast :: jacoco-reports/opencast-security-jwt,org.opencastproject.security.jwt,JWTVerifier,103,213,24,20,13,44,14,12,0,4
Opencast :: jacoco-reports/opencast-security-ldap,org.opencastproject.security.ldap,OpencastUserDetailsMapper,16,0,0,0,5,0,3,0,3,0
Opencast :: jacoco-reports/opencast-security-lti,org.opencastproject.security.lti,LtiLaunchAuthenticationHandler,816,0,76,0,182,0,50,0,12,0
Opencast :: jacoco-reports/opencast-security-shibboleth,org.opencastproject.security.shibboleth,ShibbolethRequestHeaderAuthenticationFilter,135,0,14,0,43,0,15,0,8,0
Opencast :: jacoco-reports/opencast-series-service-api,org.opencastproject.series.api,SeriesCreator,71,0,6,0,14,0,9,0,6,0
Opencast :: jacoco-reports/opencast-series-service-api,org.opencastproject.series.api,Series,59,0,2,0,23,0,17,0,16,0
Opencast :: jacoco-reports/opencast-series-service-api,org.opencastproject.series.api,SeriesException,13,3,0,0,6,2,3,1,3,1
Opencast :: jacoco-reports/opencast-series-service-impl,org.opencastproject.series.impl.persistence,SeriesCreatorEntity,62,14,6,0,11,6,9,2,6,2
Opencast :: jacoco-reports/opencast-series-service-impl,org.opencastproject.series.impl.persistence,SeriesServiceDatabaseImpl,856,556,65,31,187,122,54,39,15,30
Opencast :: jacoco-reports/opencast-series-service-impl,org.opencastproject.series.impl.persistence,SeriesEntityId,23,0,0,0,10,0,5,0,5,0
Opencast :: jacoco-reports/opencast-series-service-impl,org.opencastproject.series.impl.persistence,SeriesEntity,41,78,4,4,10,28,10,15,7,14
Opencast :: jacoco-reports/opencast-series-service-impl,org.opencastproject.series.endpoint,SeriesRestService,1198,0,66,0,292,0,63,0,30,0
Opencast :: jacoco-reports/opencast-series-service-impl,org.opencastproject.series.impl,SeriesServiceImpl,917,493,44,30,205,113,54,36,25,28
Opencast :: jacoco-reports/opencast-series-service-impl,org.opencastproject.series.impl,SeriesServiceDatabaseException,13,0,0,0,6,0,3,0,3,0
Opencast :: jacoco-reports/opencast-series-service-remote,org.opencastproject.series.remote,SeriesServiceRemoteImpl,1735,0,112,0,319,0,83,0,23,0
Opencast :: jacoco-reports/opencast-series-service-remote,org.opencastproject.series.remote,SeriesServiceRemoteImpl.new TypeToken() {...},3,0,0,0,1,0,1,0,1,0
Opencast :: jacoco-reports/opencast-serviceregistry,org.opencastproject.serviceregistry.impl,OsgiIncidentService,181,0,11,0,48,0,19,0,13,0
Opencast :: jacoco-reports/opencast-serviceregistry,org.opencastproject.serviceregistry.impl,ServiceRegistryJpaImpl.JobProducerHeartbeat,195,0,20,0,47,0,12,0,2,0
Opencast :: jacoco-reports/opencast-serviceregistry,org.opencastproject.serviceregistry.impl,IncidentDto,71,127,4,4,13,26,5,9,1,9
Opencast :: jacoco-reports/opencast-serviceregistry,org.opencastproject.serviceregistry.impl,AbstractIncidentService,412,178,40,4,85,31,30,13,10,11
Opencast :: jacoco-reports/opencast-serviceregistry,org.opencastproject.serviceregistry.impl,JobDispatcher.JobDispatcherRunner.new Function() {...},4,3,0,0,1,1,1,1,1,1
Opencast :: jacoco-reports/opencast-serviceregistry,org.opencastproject.serviceregistry.impl,IncidentTextDto,18,11,0,0,6,3,3,2,3,2
Opencast :: jacoco-reports/opencast-serviceregistry,org.opencastproject.serviceregistry.impl,JobDispatcher.JobDispatcherRunner.new Comparator() {...},4,3,0,0,1,1,1,1,1,1
Opencast :: jacoco-reports/opencast-serviceregistry,org.opencastproject.serviceregistry.impl,JobDispatcher.JobDispatcherRunner.new Function() {...},4,3,0,0,1,1,1,1,1,1
Opencast :: jacoco-reports/opencast-serviceregistry,org.opencastproject.serviceregistry.impl,ServiceUnavailableException,0,4,0,0,0,2,0,1,0,1
Opencast :: jacoco-reports/opencast-serviceregistry,org.opencastproject.serviceregistry.impl,ServiceRegistryJpaImpl.LoadComparator,0,47,0,2,0,11,0,3,0,2
Opencast :: jacoco-reports/opencast-serviceregistry,org.opencastproject.serviceregistry.impl,ServiceRegistryJpaImpl.LoadComparatorEncoding,72,0,14,0,16,0,9,0,2,0
Opencast :: jacoco-reports/opencast-serviceregistry,org.opencastproject.serviceregistry.impl,UndispatchableJobException,0,4,0,0,0,2,0,1,0,1
Opencast :: jacoco-reports/opencast-serviceregistry,org.opencastproject.serviceregistry.impl,ServiceRegistryJpaImpl,1467,3109,121,221,321,665,138,182,46,102
Opencast :: jacoco-reports/opencast-serviceregistry,org.opencastproject.serviceregistry.impl,NopServiceImpl,44,0,0,0,16,0,8,0,8,0
Opencast :: jacoco-reports/opencast-serviceregistry,org.opencastproject.serviceregistry.impl,JobDispatcher,100,121,10,4,29,41,9,12,2,12
Opencast :: jacoco-reports/opencast-serviceregistry,org.opencastproject.serviceregistry.impl,AbstractIncidentService.new IncidentL10n() {...},15,0,0,0,3,0,3,0,3,0
Opencast :: jacoco-reports/opencast-serviceregistry,org.opencastproject.serviceregistry.impl,JobDispatcher.JobDispatcherRunner,212,739,39,57,50,146,29,27,0,8
Opencast :: jacoco-reports/opencast-serviceregistry,org.opencastproject.serviceregistry.command,MaintenanceCommand,7,0,0,0,3,0,2,0,2,0
Opencast :: jacoco-reports/opencast-serviceregistry,org.opencastproject.serviceregistry.internal,RestServiceTracker,120,0,4,0,36,0,7,0,5,0
Opencast :: jacoco-reports/opencast-serviceregistry,org.opencastproject.serviceregistry.impl.endpoint,NopServiceEndpoint,18,0,0,0,6,0,4,0,4,0
Opencast :: jacoco-reports/opencast-serviceregistry,org.opencastproject.serviceregistry.impl.endpoint,ServiceRegistryEndpoint,930,0,78,0,215,0,78,0,39,0
Opencast :: jacoco-reports/opencast-serviceregistry,org.opencastproject.serviceregistry.impl.endpoint,IncidentServiceEndpoint,378,0,22,0,77,0,21,0,10,0
Opencast :: jacoco-reports/opencast-shared-filesystem-utils,org.opencastproject.assetmanager.util,WorkflowPropertiesUtil,106,76,13,3,20,15,9,6,2,5
Opencast :: jacoco-reports/opencast-shared-filesystem-utils,org.opencastproject.assetmanager.util,Workflows,9,92,1,5,3,22,1,7,0,5
Opencast :: jacoco-reports/opencast-shared-filesystem-utils,org.opencastproject.assetmanager.util,AssetPathUtils,201,12,34,2,45,5,18,3,0,3
Opencast :: jacoco-reports/opencast-shared-filesystem-utils,org.opencastproject.assetmanager.util,DistributionPathUtils,90,12,20,2,21,5,12,3,1,3
Opencast :: jacoco-reports/opencast-silencedetection-api,org.opencastproject.silencedetection.api,MediaSegment,6,14,0,0,2,6,2,2,2,2
Opencast :: jacoco-reports/opencast-silencedetection-api,org.opencastproject.silencedetection.api,MediaSegments,6,81,0,0,2,23,0,7,0,7
Opencast :: jacoco-reports/opencast-silencedetection-api,org.opencastproject.silencedetection.api,SilenceDetectionFailedException,5,4,0,0,2,2,1,1,1,1
Opencast :: jacoco-reports/opencast-silencedetection-impl,org.opencastproject.silencedetection.endpoint,SilenceDetectionServiceEndpoint,68,0,4,0,20,0,8,0,6,0
Opencast :: jacoco-reports/opencast-silencedetection-impl,org.opencastproject.silencedetection.ffmpeg,FFmpegSilenceDetector,72,421,11,29,22,81,10,15,1,4
Opencast :: jacoco-reports/opencast-silencedetection-impl,org.opencastproject.silencedetection.impl,SilenceDetectionServiceImpl,328,0,20,0,89,0,29,0,19,0
Opencast :: jacoco-reports/opencast-silencedetection-impl,org.opencastproject.silencedetection.impl,SilenceDetectionServiceImpl.Operation,9,0,0,0,2,0,1,0,1,0
Opencast :: jacoco-reports/opencast-silencedetection-remote,org.opencastproject.silencedetection.remote,SilenceDetectionServiceRemote,118,0,8,0,34,0,10,0,6,0
Opencast :: jacoco-reports/opencast-smil-api,org.opencastproject.smil.api,SmilException,5,4,0,0,2,2,1,1,1,1
Opencast :: jacoco-reports/opencast-smil-api,org.opencastproject.smil.entity.media.container.api,SmilMediaContainer.ContainerType,0,15,0,0,0,2,0,1,0,1
Opencast :: jacoco-reports/opencast-smil-api,org.opencastproject.smil.entity.media.element.api,SmilMediaElement.MediaType,0,27,0,0,0,2,0,1,0,1
Opencast :: jacoco-reports/opencast-smil-api,org.opencastproject.smil.api.util,SmilUtil.TrackType,0,15,0,0,0,2,0,1,0,1
Opencast :: jacoco-reports/opencast-smil-api,org.opencastproject.smil.api.util,SmilUtil,36,217,4,11,8,51,4,10,1,5
Opencast :: jacoco-reports/opencast-smil-impl,org.opencastproject.smil.entity.media.param,SmilMediaParamGroupImpl,68,134,16,16,23,34,15,14,4,9
Opencast :: jacoco-reports/opencast-smil-impl,org.opencastproject.smil.entity.media.param,SmilMediaParamImpl,2,43,1,1,1,18,1,10,0,10
Opencast :: jacoco-reports/opencast-smil-impl,org.opencastproject.smil.entity.media.container,SmilMediaContainerImpl,76,110,18,14,18,29,13,13,2,8
Opencast :: jacoco-reports/opencast-smil-impl,org.opencastproject.smil.entity.media.container,SmilMediaParallelImpl,0,7,0,0,0,3,0,3,0,3
Opencast :: jacoco-reports/opencast-smil-impl,org.opencastproject.smil.entity.media.container,SmilMediaSequenceImpl,0,7,0,0,0,3,0,3,0,3
Opencast :: jacoco-reports/opencast-smil-impl,org.opencastproject.smil.entity.media.element,SmilMediaVideoImpl,16,24,0,0,4,8,2,5,2,5
Opencast :: jacoco-reports/opencast-smil-impl,org.opencastproject.smil.entity.media.element,SmilMediaElementImpl,130,103,16,4,35,33,19,14,9,14
Opencast :: jacoco-reports/opencast-smil-impl,org.opencastproject.smil.entity.media.element,SmilMediaAudioImpl,22,18,0,0,6,6,3,4,3,4
Opencast :: jacoco-reports/opencast-smil-impl,org.opencastproject.smil.entity.media.element,SmilMediaReferenceImpl,40,0,0,0,12,0,7,0,7,0
Opencast :: jacoco-reports/opencast-smil-impl,org.opencastproject.smil.impl,SmilResponseImpl,8,182,1,11,3,44,1,19,0,14
Opencast :: jacoco-reports/opencast-smil-impl,org.opencastproject.smil.impl,SmilServiceImpl,117,441,14,50,21,83,16,30,3,11
Opencast :: jacoco-reports/opencast-smil-impl,org.opencastproject.smil.impl,SmilResponseImpl.SmilResponseEntity,0,16,0,0,0,8,0,4,0,4
Opencast :: jacoco-reports/opencast-smil-impl,org.opencastproject.smil.entity.media,SmilMediaObjectImpl,0,3,0,0,0,1,0,1,0,1
Opencast :: jacoco-reports/opencast-smil-impl,org.opencastproject.smil.entity,SmilImpl,126,151,13,15,34,39,15,13,5,9
Opencast :: jacoco-reports/opencast-smil-impl,org.opencastproject.smil.entity,SmilObjectImpl,6,26,0,0,3,6,1,3,1,3
Opencast :: jacoco-reports/opencast-smil-impl,org.opencastproject.smil.entity,SmilBodyImpl,44,121,9,17,13,31,9,14,3,7
Opencast :: jacoco-reports/opencast-smil-impl,org.opencastproject.smil.entity,SmilHeadImpl,143,206,28,24,43,51,26,18,6,12
Opencast :: jacoco-reports/opencast-smil-impl,org.opencastproject.smil.entity,SmilMetaImpl,10,32,1,1,5,13,4,7,3,7
Opencast :: jacoco-reports/opencast-smil-impl,org.opencastproject.smil.endpoint,SmilServiceRest,333,0,12,0,92,0,16,0,10,0
Opencast :: jacoco-reports/opencast-smil-workflowoperation,org.opencastproject.workflow.handler.smil,CutMarksToSmilWorkflowOperationHandler,53,414,7,25,15,97,8,15,1,6
Opencast :: jacoco-reports/opencast-smil-workflowoperation,org.opencastproject.workflow.handler.smil,CutMarksToSmilWorkflowOperationHandler.new TypeToken() {...},0,3,0,0,0,1,0,1,0,1
Opencast :: jacoco-reports/opencast-smil-workflowoperation,org.opencastproject.workflow.handler.smil,CutMarksToSmilWorkflowOperationHandler.Times,0,3,0,0,0,1,0,1,0,1
Opencast :: jacoco-reports/opencast-speech-to-text-api,org.opencastproject.speechtotext.api,SpeechToTextEngine.Result,15,0,0,0,6,0,3,0,3,0
Opencast :: jacoco-reports/opencast-speech-to-text-api,org.opencastproject.speechtotext.api,SpeechToTextServiceException,13,0,0,0,6,0,3,0,3,0
Opencast :: jacoco-reports/opencast-speech-to-text-api,org.opencastproject.speechtotext.api,SpeechToTextEngineException,13,0,0,0,6,0,3,0,3,0
Opencast :: jacoco-reports/opencast-speech-to-text-impl,org.opencastproject.speechtotext.impl.endpoint,SpeechToTextServiceRestEndpoint,85,0,2,0,21,0,8,0,7,0
Opencast :: jacoco-reports/opencast-speech-to-text-impl,org.opencastproject.speechtotext.impl,SpeechToTextServiceImpl,252,0,4,0,53,0,17,0,15,0
Opencast :: jacoco-reports/opencast-speech-to-text-impl,org.opencastproject.speechtotext.util,LangCodeUtil,69,0,2,0,13,0,5,0,4,0
Opencast :: jacoco-reports/opencast-speech-to-text-impl,org.opencastproject.speechtotext.impl.engine,VoskEngine,192,0,6,0,41,0,8,0,5,0
Opencast :: jacoco-reports/opencast-speech-to-text-impl,org.opencastproject.speechtotext.impl.engine,WhisperEngine,395,0,24,0,89,0,17,0,5,0
Opencast :: jacoco-reports/opencast-speech-to-text-impl,org.opencastproject.speechtotext.impl.engine,WhisperCppEngine,1113,0,110,0,227,0,61,0,6,0
Opencast :: jacoco-reports/opencast-speech-to-text-remote,org.opencastproject.speechtotext.remote,SpeechToTextServiceRemoteImpl,98,0,2,0,24,0,6,0,5,0
Opencast :: jacoco-reports/opencast-speech-to-text-workflowoperation,org.opencastproject.workflow.handler.speechtotext,SpeechToTextAttachWorkflowOperationHandler,350,0,14,0,73,0,16,0,9,0
Opencast :: jacoco-reports/opencast-speech-to-text-workflowoperation,org.opencastproject.workflow.handler.speechtotext,SpeechToTextWorkflowOperationHandler.TrackSelectionStrategy,64,0,4,0,11,0,4,0,2,0
Opencast :: jacoco-reports/opencast-speech-to-text-workflowoperation,org.opencastproject.workflow.handler.speechtotext,SpeechToTextWorkflowOperationHandler,696,0,46,0,162,0,41,0,18,0
Opencast :: jacoco-reports/opencast-speech-to-text-workflowoperation,org.opencastproject.workflow.handler.speechtotext,SpeechToTextWorkflowOperationHandler.AppendSubtitleAs,15,0,0,0,2,0,1,0,1,0
Opencast :: jacoco-reports/opencast-speech-to-text-workflowoperation,org.opencastproject.workflow.handler.speechtotext,SpeechToTextAttachWorkflowOperationHandler.AppendSubtitleAs,15,0,0,0,2,0,1,0,1,0
Opencast :: jacoco-reports/opencast-static,org.opencastproject.fsresources,SimpleConfigurableStaticFileAuthorization,67,0,6,0,20,0,8,0,5,0
Opencast :: jacoco-reports/opencast-static,org.opencastproject.fsresources,StaticResourceServlet.Range,50,0,10,0,8,0,8,0,3,0
Opencast :: jacoco-reports/opencast-static,org.opencastproject.fsresources,StaticResourceServlet,792,109,96,8,206,29,60,6,11,3
Opencast :: jacoco-reports/opencast-static-file-service-api,org.opencastproject.staticfiles.endpoint,StaticFileRestService.new PropertyChangeListener() {...},24,6,2,0,5,1,2,1,1,1
Opencast :: jacoco-reports/opencast-static-file-service-api,org.opencastproject.staticfiles.endpoint,StaticFileRestService,141,225,8,14,42,51,11,12,3,9
Opencast :: jacoco-reports/opencast-static-file-service-impl,org.opencastproject.staticfiles.impl,StaticFileServiceImpl.PurgeTemporaryStorageService,0,15,0,0,0,4,0,3,0,3
Opencast :: jacoco-reports/opencast-static-file-service-impl,org.opencastproject.staticfiles.impl,StaticFileServiceImpl.new DirectoryStream.Filter() {...},0,22,1,3,0,2,1,3,0,2
Opencast :: jacoco-reports/opencast-static-file-service-impl,org.opencastproject.staticfiles.impl,StaticFileServiceImpl.new DirectoryStream.Filter() {...},1,23,1,1,0,2,1,2,0,2
Opencast :: jacoco-reports/opencast-static-file-service-impl,org.opencastproject.staticfiles.impl,StaticFileServiceImpl.new Service.Listener() {...},5,3,0,0,2,1,1,1,1,1
Opencast :: jacoco-reports/opencast-static-file-service-impl,org.opencastproject.staticfiles.impl,StaticFileServiceImpl,110,366,10,20,25,78,12,21,2,16
Opencast :: jacoco-reports/opencast-statistics-export-service-api,org.opencastproject.statistics.export.api,DetailLevel,21,0,0,0,4,0,1,0,1,0
Opencast :: jacoco-reports/opencast-statistics-export-service-impl,org.opencastproject.statistics.export.impl,StatisticsExportServiceImpl,1613,0,166,0,313,0,129,0,42,0
Opencast :: jacoco-reports/opencast-statistics-provider-influx,org.opencastproject.statistics.provider.influx.provider,InfluxProviderConfiguration.InfluxProviderSource,36,0,0,0,14,0,7,0,7,0
Opencast :: jacoco-reports/opencast-statistics-provider-influx,org.opencastproject.statistics.provider.influx.provider,InfluxProviderConfiguration,28,0,0,0,8,0,5,0,5,0
Opencast :: jacoco-reports/opencast-statistics-provider-influx,org.opencastproject.statistics.provider.influx.provider,InfluxStatisticsProvider,70,209,8,11,23,34,14,11,8,5
Opencast :: jacoco-reports/opencast-statistics-provider-influx,org.opencastproject.statistics.provider.influx.provider,InfluxTimeSeriesStatisticsProvider,268,0,18,0,56,0,22,0,13,0
Opencast :: jacoco-reports/opencast-statistics-provider-influx,org.opencastproject.statistics.provider.influx.provider,InfluxRunningTotalStatisticsProvider,409,0,30,0,94,0,28,0,13,0
Opencast :: jacoco-reports/opencast-statistics-provider-influx,org.opencastproject.statistics.provider.influx,StatisticsProviderInfluxService,330,0,33,0,96,0,36,0,17,0
Opencast :: jacoco-reports/opencast-statistics-provider-matomo,org.opencastproject.statistics.provider.matomo.provider,MatomoProviderConfiguration.MatomoProviderSource,42,0,0,0,16,0,8,0,8,0
Opencast :: jacoco-reports/opencast-statistics-provider-matomo,org.opencastproject.statistics.provider.matomo.provider,MatomoStatisticsProvider,70,0,8,0,23,0,14,0,8,0
Opencast :: jacoco-reports/opencast-statistics-provider-matomo,org.opencastproject.statistics.provider.matomo.provider,BatchMatomoRequest.CacheEntry,23,0,2,0,6,0,4,0,3,0
Opencast :: jacoco-reports/opencast-statistics-provider-matomo,org.opencastproject.statistics.provider.matomo.provider,BatchMatomoRequest,628,0,62,0,131,0,40,0,9,0
Opencast :: jacoco-reports/opencast-statistics-provider-matomo,org.opencastproject.statistics.provider.matomo.provider,MatomoTimeSeriesStatisticsProvider,121,0,10,0,23,0,8,0,3,0
Opencast :: jacoco-reports/opencast-statistics-provider-matomo,org.opencastproject.statistics.provider.matomo.provider,MatomoProviderConfiguration,28,0,0,0,8,0,5,0,5,0
Opencast :: jacoco-reports/opencast-statistics-provider-matomo,org.opencastproject.statistics.provider.matomo.provider,BatchMatomoRequest.CacheKey,139,0,22,0,23,0,14,0,3,0
Opencast :: jacoco-reports/opencast-statistics-provider-matomo,org.opencastproject.statistics.provider.matomo,StatisticsProviderMatomoService,220,0,20,0,55,0,24,0,14,0
Opencast :: jacoco-reports/opencast-statistics-provider-random,org.opencastproject.statistics.provider.random,StatisticsProviderRandomService,135,0,10,0,33,0,15,0,10,0
Opencast :: jacoco-reports/opencast-statistics-provider-random,org.opencastproject.statistics.provider.random.provider,RandomProviderConfiguration,22,0,0,0,6,0,4,0,4,0
Opencast :: jacoco-reports/opencast-statistics-provider-random,org.opencastproject.statistics.provider.random.provider,RandomStatisticsProvider,77,0,0,0,20,0,10,0,10,0
Opencast :: jacoco-reports/opencast-statistics-service-api,org.opencastproject.statistics.api,TimeSeries,41,0,2,0,16,0,7,0,6,0
Opencast :: jacoco-reports/opencast-statistics-service-api,org.opencastproject.statistics.api,ResourceType,21,0,0,0,4,0,1,0,1,0
Opencast :: jacoco-reports/opencast-statistics-service-api,org.opencastproject.statistics.api,ProviderConfiguration,36,0,0,0,14,0,7,0,7,0
Opencast :: jacoco-reports/opencast-statistics-service-api,org.opencastproject.statistics.api,StatisticsUtil,1,196,1,7,0,33,1,6,0,1
Opencast :: jacoco-reports/opencast-statistics-service-api,org.opencastproject.statistics.api,DataResolution,4,33,0,0,1,6,1,1,1,1
Opencast :: jacoco-reports/opencast-statistics-service-impl,org.opencastproject.statistics.impl,StatisticsServiceImpl,240,0,8,0,51,0,21,0,17,0
Opencast :: jacoco-reports/opencast-statistics-service-impl,org.opencastproject.statistics.endpoint,StatisticsRestService,235,0,10,0,53,0,14,0,9,0
Opencast :: jacoco-reports/opencast-statistics-service-remote,org.opencastproject.statistics.remote,StatisticsServiceRemoteImpl,402,0,10,0,68,0,18,0,13,0
Opencast :: jacoco-reports/opencast-statistics-service-remote,org.opencastproject.statistics.remote,StatisticsServiceRemoteImpl.new StatisticsProvider() {...},28,0,0,0,5,0,5,0,5,0
Opencast :: jacoco-reports/opencast-statistics-service-remote,org.opencastproject.statistics.remote,StatisticsServiceRemoteImpl.new TimeSeriesProvider() {...},59,0,2,0,11,0,8,0,7,0
Opencast :: jacoco-reports/opencast-statistics-writer-workflowoperation,org.opencastproject.workflow.handler.statisticswriter,StatisticsWriterWorkflowOperationHandler,114,0,6,0,28,0,8,0,5,0
Opencast :: jacoco-reports/opencast-studio-service,org.opencastproject.studio.endpoint.dto,SeriesDto,0,23,0,0,0,7,0,4,0,4
Opencast :: jacoco-reports/opencast-studio-service,org.opencastproject.studio.endpoint,StudioEndpoint,164,0,12,0,37,0,11,0,5,0
Opencast :: jacoco-reports/opencast-subtitle-parser,org.opencastproject.subtitleparser,Subtitle,17,22,0,0,7,7,4,3,4,3
Opencast :: jacoco-reports/opencast-subtitle-parser,org.opencastproject.subtitleparser,SubtitleParsingException,9,0,0,0,4,0,2,0,2,0
Opencast :: jacoco-reports/opencast-subtitle-parser,org.opencastproject.subtitleparser,SubtitleCue,52,51,0,0,19,17,5,10,5,10
Opencast :: jacoco-reports/opencast-subtitle-parser,org.opencastproject.subtitleparser.webvttparser,WebVTTSubtitleStyle,4,17,0,0,2,6,1,3,1,3
Opencast :: jacoco-reports/opencast-subtitle-parser,org.opencastproject.subtitleparser.webvttparser,WebVTTParser,36,254,11,35,9,62,12,16,1,4
Opencast :: jacoco-reports/opencast-subtitle-parser,org.opencastproject.subtitleparser.webvttparser,WebVTTSubtitleCue,0,10,0,0,0,4,0,3,0,3
Opencast :: jacoco-reports/opencast-subtitle-parser,org.opencastproject.subtitleparser.webvttparser,WebVTTWriter,29,252,2,18,8,45,3,11,1,3
Opencast :: jacoco-reports/opencast-subtitle-parser,org.opencastproject.subtitleparser.webvttparser,WebVTTSubtitle,0,49,0,0,0,16,0,8,0,8
Opencast :: jacoco-reports/opencast-subtitle-parser,org.opencastproject.subtitleparser.webvttparser,WebVTTSubtitleRegion,4,17,0,0,2,6,1,3,1,3
Opencast :: jacoco-reports/opencast-subtitle-timeshift-workflowoperation,org.opencastproject.workflow.handler.subtitletimeshift,SubtitleTimeshiftWorkflowOperationHandler,385,0,16,0,94,0,16,0,8,0
Opencast :: jacoco-reports/opencast-termination-state-api,org.opencastproject.terminationstate.api,TerminationStateService.TerminationState.new TerminationStateService.TerminationState() {...},2,5,0,0,1,1,1,1,1,1
Opencast :: jacoco-reports/opencast-termination-state-api,org.opencastproject.terminationstate.api,TerminationStateService.TerminationState.new TerminationStateService.TerminationState() {...},0,7,0,0,0,2,0,2,0,2
Opencast :: jacoco-reports/opencast-termination-state-api,org.opencastproject.terminationstate.api,TerminationStateService.TerminationState,0,21,0,0,0,4,0,1,0,1
Opencast :: jacoco-reports/opencast-termination-state-api,org.opencastproject.terminationstate.api,TerminationStateService.TerminationState.new TerminationStateService.TerminationState() {...},2,5,0,0,1,1,1,1,1,1
Opencast :: jacoco-reports/opencast-termination-state-api,org.opencastproject.terminationstate.api,AbstractJobTerminationStateService,21,70,1,5,8,23,1,9,0,7
Opencast :: jacoco-reports/opencast-termination-state-aws,org.opencastproject.terminationstate.aws,AutoScalingTerminationStateService.CheckLifeCycleState,62,0,6,0,16,0,5,0,2,0
Opencast :: jacoco-reports/opencast-termination-state-aws,org.opencastproject.terminationstate.aws,AutoScalingTerminationStateService,565,0,40,0,170,0,39,0,19,0
Opencast :: jacoco-reports/opencast-termination-state-aws,org.opencastproject.terminationstate.aws,AutoScalingTerminationStateService.CheckTerminationState,81,0,8,0,24,0,6,0,2,0
Opencast :: jacoco-reports/opencast-termination-state-aws,org.opencastproject.terminationstate.endpoint.aws,AutoScalingTerminationStateRestService,74,0,8,0,20,0,9,0,5,0
Opencast :: jacoco-reports/opencast-termination-state-impl,org.opencastproject.terminationstate.impl,TerminationStateServiceImpl.CheckTerminationState,0,27,1,3,0,9,1,3,0,2
Opencast :: jacoco-reports/opencast-termination-state-impl,org.opencastproject.terminationstate.impl,TerminationStateServiceImpl,55,109,2,2,21,37,3,10,1,10
Opencast :: jacoco-reports/opencast-termination-state-impl,org.opencastproject.terminationstate.endpoint.impl,TerminationStateRestServiceImpl,82,0,8,0,25,0,10,0,5,0
Opencast :: jacoco-reports/opencast-textanalyzer-api,org.opencastproject.textextractor.api,TextExtractorException,13,0,0,0,6,0,3,0,3,0
Opencast :: jacoco-reports/opencast-textanalyzer-api,org.opencastproject.textanalyzer.api,TextAnalyzerException,13,0,0,0,6,0,3,0,3,0
Opencast :: jacoco-reports/opencast-textanalyzer-impl,org.opencastproject.textanalyzer.impl.endpoint,TextAnalysisRestEndpoint,73,0,6,0,22,0,11,0,8,0
Opencast :: jacoco-reports/opencast-textanalyzer-impl,org.opencastproject.textanalyzer.impl,TextAnalyzerServiceImpl.Operation,9,0,0,0,2,0,1,0,1,0
Opencast :: jacoco-reports/opencast-textanalyzer-impl,org.opencastproject.textanalyzer.impl,TextAnalyzerServiceImpl,416,0,10,0,114,0,26,0,21,0
Opencast :: jacoco-reports/opencast-textanalyzer-remote,org.opencastproject.textanalyzer.remote,TextAnalysisRemoteImpl,87,0,2,0,24,0,6,0,5,0
Opencast :: jacoco-reports/opencast-textanalyzer-workflowoperation,org.opencastproject.workflow.handler.textanalyzer,TextAnalysisWorkflowOperationHandler,875,0,82,0,208,0,54,0,13,0
Opencast :: jacoco-reports/opencast-textextractor-tesseract,org.opencastproject.textextractor.tesseract,TesseractTextExtractor,97,190,11,9,28,42,10,9,3,6
Opencast :: jacoco-reports/opencast-themes,org.opencastproject.themes.persistence,ThemesServiceDatabaseImpl,110,555,5,23,29,113,8,31,3,20
Opencast :: jacoco-reports/opencast-themes,org.opencastproject.themes.persistence,ThemesServiceDatabaseException,4,0,0,0,2,0,1,0,1,0
Opencast :: jacoco-reports/opencast-themes,org.opencastproject.themes.persistence,ThemeDto,60,149,0,0,20,50,20,22,20,22
Opencast :: jacoco-reports/opencast-themes,org.opencastproject.themes,Theme,13,139,0,0,1,42,1,21,1,21
Opencast :: jacoco-reports/opencast-themes,org.opencastproject.themes.list,ThemesListQuery,21,0,0,0,7,0,4,0,4,0
Opencast :: jacoco-reports/opencast-themes,org.opencastproject.themes.list,ThemesListProvider,147,0,10,0,33,0,13,0,8,0
Opencast :: jacoco-reports/opencast-themes-workflowoperation,org.opencastproject.workflow.handler.themes,ThemeWorkflowOperationHandler,617,0,45,0,142,0,35,0,11,0
Opencast :: jacoco-reports/opencast-timelinepreviews-api,org.opencastproject.timelinepreviews.api,TimelinePreviewsException,13,0,0,0,6,0,3,0,3,0
Opencast :: jacoco-reports/opencast-timelinepreviews-ffmpeg,org.opencastproject.timelinepreviews.ffmpeg,TimelinePreviewsServiceImpl,264,493,18,14,71,115,24,9,8,9
Opencast :: jacoco-reports/opencast-timelinepreviews-ffmpeg,org.opencastproject.timelinepreviews.ffmpeg,TimelinePreviewsServiceImpl.Operation,0,9,0,0,0,2,0,1,0,1
Opencast :: jacoco-reports/opencast-timelinepreviews-ffmpeg,org.opencastproject.timelinepreviews.endpoint,TimelinePreviewsRestEndpoint,82,0,6,0,22,0,11,0,8,0
Opencast :: jacoco-reports/opencast-timelinepreviews-remote,org.opencastproject.timelinepreviews.remote,TimelinePreviewsServiceRemote,97,0,2,0,25,0,6,0,5,0
Opencast :: jacoco-reports/opencast-timelinepreviews-workflowoperation,org.opencastproject.workflow.handler.timelinepreviews,TimelinePreviewsWorkflowOperationHandler,494,0,30,0,124,0,23,0,8,0
Opencast :: jacoco-reports/opencast-tobira,org.opencastproject.tobira.impl,Harvest,423,0,42,0,83,0,32,0,11,0
Opencast :: jacoco-reports/opencast-tobira,org.opencastproject.tobira.impl,TobiraEndpoint,373,0,22,0,94,0,30,0,19,0
Opencast :: jacoco-reports/opencast-tobira,org.opencastproject.tobira.impl,Item,1411,0,80,0,250,0,94,0,54,0
Opencast :: jacoco-reports/opencast-transcription-service-amberscript,org.opencastproject.transcription.amberscript.endpoint,AmberscriptTranscriptionRestService,32,0,0,0,13,0,8,0,8,0
Opencast :: jacoco-reports/opencast-transcription-service-amberscript,org.opencastproject.transcription.amberscript,AmberscriptTranscriptionService.Operation,9,0,0,0,2,0,1,0,1,0
Opencast :: jacoco-reports/opencast-transcription-service-amberscript,org.opencastproject.transcription.amberscript,AmberscriptLangUtil,570,0,14,0,118,0,14,0,7,0
Opencast :: jacoco-reports/opencast-transcription-service-amberscript,org.opencastproject.transcription.amberscript,AmberscriptTranscriptionService.WorkflowDispatcher,301,0,22,0,60,0,13,0,2,0
Opencast :: jacoco-reports/opencast-transcription-service-amberscript,org.opencastproject.transcription.amberscript,AmberscriptTranscriptionService,1891,0,146,0,443,0,115,0,41,0
Opencast :: jacoco-reports/opencast-transcription-service-amberscript,org.opencastproject.transcription.amberscript,AmberscriptTranscriptionService.ResultsFileCleanup,36,0,0,0,8,0,2,0,2,0
Opencast :: jacoco-reports/opencast-transcription-service-amberscript,org.opencastproject.transcription.amberscript,AmberscriptTranscriptionService.SpeakerMetadataField,21,0,0,0,2,0,1,0,1,0
Opencast :: jacoco-reports/opencast-transcription-service-api,org.opencastproject.transcription.api,TranscriptionServiceException,22,28,0,0,7,9,3,4,3,4
Opencast :: jacoco-reports/opencast-transcription-service-google-speech-impl,org.opencastproject.transcription.googlespeech,GoogleSpeechTranscriptionService.ResultsFileCleanup,20,6,0,0,6,1,1,1,1,1
Opencast :: jacoco-reports/opencast-transcription-service-google-speech-impl,org.opencastproject.transcription.googlespeech,GoogleSpeechTranscriptionService.Operation,9,0,0,0,2,0,1,0,1,0
Opencast :: jacoco-reports/opencast-transcription-service-google-speech-impl,org.opencastproject.transcription.googlespeech,GoogleSpeechTranscriptionServiceStorage,88,142,7,5,27,37,6,4,0,4
Opencast :: jacoco-reports/opencast-transcription-service-google-speech-impl,org.opencastproject.transcription.googlespeech,GoogleSpeechTranscriptionService.WorkflowDispatcher,116,137,8,10,24,26,6,5,0,2
Opencast :: jacoco-reports/opencast-transcription-service-google-speech-impl,org.opencastproject.transcription.googlespeech,GoogleSpeechTranscriptionService,1106,1028,78,47,241,265,79,27,19,23
Opencast :: jacoco-reports/opencast-transcription-service-google-speech-impl,org.opencastproject.transcription.googlespeech.endpoint,GoogleSpeechTranscriptionRestService,81,0,0,0,26,0,9,0,9,0
Opencast :: jacoco-reports/opencast-transcription-service-ibm-watson-impl,org.opencastproject.transcription.ibmwatson.endpoint,IBMWatsonTranscriptionRestService,139,0,8,0,36,0,13,0,9,0
Opencast :: jacoco-reports/opencast-transcription-service-ibm-watson-impl,org.opencastproject.transcription.ibmwatson,IBMWatsonTranscriptionService,480,1272,51,60,109,298,59,36,12,24
Opencast :: jacoco-reports/opencast-transcription-service-ibm-watson-impl,org.opencastproject.transcription.ibmwatson,IBMWatsonTranscriptionService.ResultsFileCleanup,20,6,0,0,6,1,1,1,1,1
Opencast :: jacoco-reports/opencast-transcription-service-ibm-watson-impl,org.opencastproject.transcription.ibmwatson,IBMWatsonTranscriptionService.Operation,9,0,0,0,2,0,1,0,1,0
Opencast :: jacoco-reports/opencast-transcription-service-ibm-watson-impl,org.opencastproject.transcription.ibmwatson,IBMWatsonTranscriptionService.WorkflowDispatcher,48,291,6,22,12,53,6,10,0,2
Opencast :: jacoco-reports/opencast-transcription-service-microsoft-azure,org.opencastproject.transcription.microsoft.azure,MicrosoftAzureStorageClientException,13,0,0,0,6,0,3,0,3,0
Opencast :: jacoco-reports/opencast-transcription-service-microsoft-azure,org.opencastproject.transcription.microsoft.azure,MicrosoftAzureSpeechClientException,13,0,0,0,6,0,3,0,3,0
Opencast :: jacoco-reports/opencast-transcription-service-microsoft-azure,org.opencastproject.transcription.microsoft.azure,MicrosoftAzureTranscriptionService.Operation,9,0,0,0,2,0,1,0,1,0
Opencast :: jacoco-reports/opencast-transcription-service-microsoft-azure,org.opencastproject.transcription.microsoft.azure,MicrosoftAzureTranscriptionService.WorkflowDispatcher,349,0,26,0,75,0,15,0,2,0
Opencast :: jacoco-reports/opencast-transcription-service-microsoft-azure,org.opencastproject.transcription.microsoft.azure,MicrosoftAzureNotFoundException,13,0,0,0,6,0,3,0,3,0
Opencast :: jacoco-reports/opencast-transcription-service-microsoft-azure,org.opencastproject.transcription.microsoft.azure,MicrosoftAzureSpeechServicesClient,764,15,62,0,150,5,46,2,10,2
Opencast :: jacoco-reports/opencast-transcription-service-microsoft-azure,org.opencastproject.transcription.microsoft.azure,MicrosoftAzureStorageClient,603,0,28,0,110,0,25,0,8,0
Opencast :: jacoco-reports/opencast-transcription-service-microsoft-azure,org.opencastproject.transcription.microsoft.azure,MicrosoftAzureTranscriptionService,1667,0,102,0,357,0,82,0,31,0
Opencast :: jacoco-reports/opencast-transcription-service-microsoft-azure,org.opencastproject.transcription.microsoft.azure,HttpUtils,56,0,4,0,16,0,5,0,3,0
Opencast :: jacoco-reports/opencast-transcription-service-microsoft-azure,org.opencastproject.transcription.microsoft.azure,MicrosoftAzureAuthorization,378,176,34,6,73,41,23,3,3,3
Opencast :: jacoco-reports/opencast-transcription-service-microsoft-azure,org.opencastproject.transcription.microsoft.azure,MicrosoftAzureNotAllowedException,13,0,0,0,6,0,3,0,3,0
Opencast :: jacoco-reports/opencast-transcription-service-microsoft-azure,org.opencastproject.transcription.microsoft.azure.endpoint,MicrosoftAzureTranscriptionRestService,28,0,0,0,11,0,7,0,7,0
Opencast :: jacoco-reports/opencast-transcription-service-microsoft-azure,org.opencastproject.transcription.microsoft.azure.model,MicrosoftAzureSpeechTranscriptionJson,211,0,22,0,36,0,16,0,5,0
Opencast :: jacoco-reports/opencast-transcription-service-microsoft-azure,org.opencastproject.transcription.microsoft.azure.model,MicrosoftAzureSpeechTranscriptionFiles,3,0,0,0,1,0,1,0,1,0
Opencast :: jacoco-reports/opencast-transcription-service-microsoft-azure,org.opencastproject.transcription.microsoft.azure.model,MicrosoftAzureSpeechTranscription,17,37,1,5,4,10,4,4,3,2
Opencast :: jacoco-reports/opencast-transcription-service-microsoft-azure,org.opencastproject.transcription.microsoft.azure.model,MicrosoftAzureSpeechTranscription.TranscriptionSelf,3,0,0,0,1,0,1,0,1,0
Opencast :: jacoco-reports/opencast-transcription-service-microsoft-azure,org.opencastproject.transcription.microsoft.azure.model,MicrosoftAzureSpeechTranscriptionJsonRecognizedPhrases,234,66,20,8,41,16,19,4,8,1
Opencast :: jacoco-reports/opencast-transcription-service-microsoft-azure,org.opencastproject.transcription.microsoft.azure.model,MicrosoftAzureSpeechTranscriptionFile.TranscriptionFileLinks,3,0,0,0,1,0,1,0,1,0
Opencast :: jacoco-reports/opencast-transcription-service-microsoft-azure,org.opencastproject.transcription.microsoft.azure.model,MicrosoftAzureSpeechTranscriptionFile,8,0,0,0,2,0,2,0,2,0
Opencast :: jacoco-reports/opencast-transcription-service-microsoft-azure,org.opencastproject.transcription.microsoft.azure.model,MicrosoftAzureSpeechTranscriptions,0,3,0,0,0,1,0,1,0,1
Opencast :: jacoco-reports/opencast-transcription-service-microsoft-azure,org.opencastproject.transcription.microsoft.azure.model,MicrosoftAzureSpeechTranscription.TranscriptionFiles,3,0,0,0,1,0,1,0,1,0
Opencast :: jacoco-reports/opencast-transcription-service-microsoft-azure,org.opencastproject.transcription.microsoft.azure.model,MicrosoftAzureSpeechTranscriptionJsonRecognizedPhrase,3,0,0,0,1,0,1,0,1,0
Opencast :: jacoco-reports/opencast-transcription-service-persistence,org.opencastproject.transcription.persistence,TranscriptionDatabaseImpl,123,128,4,2,37,35,6,13,3,13
Opencast :: jacoco-reports/opencast-transcription-service-persistence,org.opencastproject.transcription.persistence,TranscriptionJobControl.Status,0,39,0,0,0,2,0,1,0,1
Opencast :: jacoco-reports/opencast-transcription-service-persistence,org.opencastproject.transcription.persistence,TranscriptionProviderControlDto,54,3,0,0,12,2,6,1,6,1
Opencast :: jacoco-reports/opencast-transcription-service-persistence,org.opencastproject.transcription.persistence,TranscriptionDatabaseException,8,0,0,0,4,0,2,0,2,0
Opencast :: jacoco-reports/opencast-transcription-service-persistence,org.opencastproject.transcription.persistence,TranscriptionJobControl,39,54,0,0,19,19,10,9,10,9
Opencast :: jacoco-reports/opencast-transcription-service-persistence,org.opencastproject.transcription.persistence,TranscriptionJobControlDto,5,216,1,3,1,46,1,16,0,15
Opencast :: jacoco-reports/opencast-transcription-service-persistence,org.opencastproject.transcription.persistence,TranscriptionProviderControl,11,12,0,0,5,5,3,2,3,2
Opencast :: jacoco-reports/opencast-transcription-service-workflowoperation,org.opencastproject.transcription.workflowoperation,MicrosoftAzureAttachTranscriptionOperationHandler,291,0,26,0,69,0,19,0,6,0
Opencast :: jacoco-reports/opencast-transcription-service-workflowoperation,org.opencastproject.transcription.workflowoperation,AmberscriptAttachTranscriptionOperationHandler,263,0,18,0,64,0,18,0,9,0
Opencast :: jacoco-reports/opencast-transcription-service-workflowoperation,org.opencastproject.transcription.workflowoperation,StartTranscriptionOperationHandler,46,144,7,17,13,37,7,11,1,5
Opencast :: jacoco-reports/opencast-transcription-service-workflowoperation,org.opencastproject.transcription.workflowoperation,GoogleSpeechStartTranscriptionOperationHandler,50,161,8,18,14,40,8,11,1,5
Opencast :: jacoco-reports/opencast-transcription-service-workflowoperation,org.opencastproject.transcription.workflowoperation,MicrosoftAzureStartTranscriptionOperationHandler,377,0,38,0,93,0,28,0,9,0
Opencast :: jacoco-reports/opencast-transcription-service-workflowoperation,org.opencastproject.transcription.workflowoperation,AttachTranscriptionOperationHandler,34,186,6,12,8,43,7,10,1,7
Opencast :: jacoco-reports/opencast-transcription-service-workflowoperation,org.opencastproject.transcription.workflowoperation,GoogleSpeechAttachTranscriptionOperationHandler,34,196,7,13,8,46,8,10,1,7
Opencast :: jacoco-reports/opencast-transcription-service-workflowoperation,org.opencastproject.transcription.workflowoperation,AmberscriptStartTranscriptionOperationHandler,245,0,22,0,53,0,17,0,6,0
Opencast :: jacoco-reports/opencast-urlsigning-common,org.opencastproject.urlsigning.common,BasicResourceStrategyImpl,0,5,0,0,0,2,0,2,0,2
Opencast :: jacoco-reports/opencast-urlsigning-common,org.opencastproject.urlsigning.common,Policy,0,90,0,2,0,22,0,12,0,11
Opencast :: jacoco-reports/opencast-urlsigning-common,org.opencastproject.urlsigning.common,ResourceRequest,0,51,0,0,0,21,0,13,0,13
Opencast :: jacoco-reports/opencast-urlsigning-common,org.opencastproject.urlsigning.common,ResourceRequest.Status,0,27,0,0,0,2,0,1,0,1
Opencast :: jacoco-reports/opencast-urlsigning-common,org.opencastproject.urlsigning.utils,SHA256Util,0,32,0,0,0,6,0,1,0,1
Opencast :: jacoco-reports/opencast-urlsigning-common,org.opencastproject.urlsigning.utils,ResourceRequestUtil,82,552,4,58,19,119,4,36,0,9
Opencast :: jacoco-reports/opencast-urlsigning-common,org.opencastproject.urlsigning.utils,PolicyUtils,3,169,0,6,2,35,0,10,0,7
Opencast :: jacoco-reports/opencast-urlsigning-service-api,org.opencastproject.security.urlsigning.exception,UrlSigningException.Reason,0,15,0,0,0,2,0,1,0,1
Opencast :: jacoco-reports/opencast-urlsigning-service-api,org.opencastproject.security.urlsigning.exception,UrlSigningException,7,24,0,0,3,6,2,4,2,4
Opencast :: jacoco-reports/opencast-urlsigning-service-api,org.opencastproject.security.urlsigning.utils,UrlSigningServiceOsgiUtil,44,99,3,3,8,20,2,6,0,5
Opencast :: jacoco-reports/opencast-urlsigning-service-impl,org.opencastproject.security.urlsigning.provider.impl,WowzaUrlSigningProvider,37,347,12,18,11,69,12,12,0,9
Opencast :: jacoco-reports/opencast-urlsigning-service-impl,org.opencastproject.security.urlsigning.provider.impl,GenericUrlSigningProvider,0,23,0,0,0,8,0,6,0,6
Opencast :: jacoco-reports/opencast-urlsigning-service-impl,org.opencastproject.security.urlsigning.provider.impl,AbstractUrlSigningProvider,85,320,18,38,18,68,16,25,0,12
Opencast :: jacoco-reports/opencast-urlsigning-service-impl,org.opencastproject.security.urlsigning.provider.impl,AbstractUrlSigningProvider.Key,0,32,0,4,0,8,0,5,0,3
Opencast :: jacoco-reports/opencast-urlsigning-service-impl,org.opencastproject.security.urlsigning.service.impl,UrlSigningServiceImpl,73,65,6,4,14,16,6,6,3,4
Opencast :: jacoco-reports/opencast-urlsigning-service-impl,org.opencastproject.security.urlsigning.service.impl,UrlSigningEndpoint,68,0,6,0,14,0,7,0,4,0
Opencast :: jacoco-reports/opencast-urlsigning-service-impl,org.opencastproject.security.urlsigning,WowzaResourceStrategyImpl,28,107,8,10,7,19,6,7,0,4
Opencast :: jacoco-reports/opencast-urlsigning-service-impl,org.opencastproject.security.urlsigning,SigningMediaPackageSerializer,82,33,12,0,25,10,14,4,8,4
Opencast :: jacoco-reports/opencast-urlsigning-verifier-service-impl,org.opencastproject.security.urlsigning.verifier.impl,UrlSigningVerifierImpl,22,72,4,6,6,20,5,6,1,5
Opencast :: jacoco-reports/opencast-urlsigning-verifier-service-impl,org.opencastproject.security.urlsigning.filter,UrlSigningFilter,85,307,14,25,27,82,14,15,2,6
Opencast :: jacoco-reports/opencast-userdirectory,org.opencastproject.userdirectory.endpoint,UserEndpoint.UserData,3,0,0,0,1,0,1,0,1,0
Opencast :: jacoco-reports/opencast-userdirectory,org.opencastproject.userdirectory.endpoint,UserEndpoint,516,0,26,0,111,0,28,0,15,0
Opencast :: jacoco-reports/opencast-userdirectory,org.opencastproject.userdirectory.endpoint,GroupRoleEndpoint,126,38,4,0,31,13,5,6,3,6
Opencast :: jacoco-reports/opencast-userdirectory,org.opencastproject.userdirectory.endpoint,UserEndpoint.new TypeToken() {...},3,0,0,0,1,0,1,0,1,0
Opencast :: jacoco-reports/opencast-userdirectory,org.opencastproject.userdirectory,CustomRoleProvider,24,170,8,12,7,41,10,10,2,8
Opencast :: jacoco-reports/opencast-userdirectory,org.opencastproject.userdirectory,UserIdRoleProvider,237,36,23,1,59,9,21,3,9,3
Opencast :: jacoco-reports/opencast-userdirectory,org.opencastproject.userdirectory,JpaGroupRoleProvider,507,578,54,44,108,119,48,33,14,18
Opencast :: jacoco-reports/opencast-userdirectory,org.opencastproject.userdirectory,ConflictException,16,4,0,0,6,2,3,1,3,1
Opencast :: jacoco-reports/opencast-userdirectory,org.opencastproject.userdirectory,JpaUserAndRoleProvider.new CacheLoader() {...},1,36,1,1,0,5,1,2,0,2
Opencast :: jacoco-reports/opencast-userdirectory,org.opencastproject.userdirectory,OrganizationRoleProvider,167,0,24,0,43,0,20,0,8,0
Opencast :: jacoco-reports/opencast-userdirectory,org.opencastproject.userdirectory,JpaUserAndRoleProvider,129,520,11,29,28,118,19,34,8,25
Opencast :: jacoco-reports/opencast-userdirectory,org.opencastproject.userdirectory,UserAndRoleDirectoryServiceImpl,489,575,71,49,99,117,53,26,6,13
Opencast :: jacoco-reports/opencast-userdirectory,org.opencastproject.userdirectory,RoleEndpoint,46,0,2,0,13,0,6,0,5,0
Opencast :: jacoco-reports/opencast-userdirectory,org.opencastproject.userdirectory,JpaUserReferenceProvider,673,0,32,0,147,0,58,0,42,0
Opencast :: jacoco-reports/opencast-userdirectory,org.opencastproject.userdirectory,JpaUserReferenceProvider.new CacheLoader() {...},37,0,2,0,5,0,3,0,2,0
Opencast :: jacoco-reports/opencast-userdirectory,org.opencastproject.userdirectory,UserDirectoryPersistenceUtil,531,306,25,9,94,63,30,23,17,19
Opencast :: jacoco-reports/opencast-userdirectory,org.opencastproject.userdirectory,UserAndRoleDirectoryServiceImpl.new CacheLoader() {...},4,15,1,1,0,3,1,2,0,2
Opencast :: jacoco-reports/opencast-userdirectory,org.opencastproject.userdirectory,UserEndpoint,79,0,10,0,21,0,11,0,6,0
Opencast :: jacoco-reports/opencast-userdirectory,org.opencastproject.userdirectory,InMemoryUserAndRoleProvider,548,0,48,0,113,0,50,0,26,0
Opencast :: jacoco-reports/opencast-userdirectory,org.opencastproject.userdirectory,AdminUserAndGroupLoader,424,0,28,0,91,0,28,0,14,0
Opencast :: jacoco-reports/opencast-userdirectory,org.opencastproject.userdirectory.utils,UserDirectoryUtils,2,51,2,12,1,11,2,6,0,1
Opencast :: jacoco-reports/opencast-userdirectory-brightspace,org.opencastproject.userdirectory.brightspace,BrightspaceUserProviderInstance.new CacheLoader() {...},19,0,2,0,3,0,3,0,2,0
Opencast :: jacoco-reports/opencast-userdirectory-brightspace,org.opencastproject.userdirectory.brightspace,BrightspaceUserProviderFactory,313,0,18,0,78,0,19,0,10,0
Opencast :: jacoco-reports/opencast-userdirectory-brightspace,org.opencastproject.userdirectory.brightspace,BrightspaceUserProviderInstance,338,0,16,0,75,0,21,0,13,0
Opencast :: jacoco-reports/opencast-userdirectory-brightspace,org.opencastproject.userdirectory.brightspace.client,BrightspaceNotFoundException,9,0,0,0,4,0,2,0,2,0
Opencast :: jacoco-reports/opencast-userdirectory-brightspace,org.opencastproject.userdirectory.brightspace.client,BrightspaceClientImpl,387,0,14,0,101,0,20,0,13,0
Opencast :: jacoco-reports/opencast-userdirectory-brightspace,org.opencastproject.userdirectory.brightspace.client,BrightspaceClientException,9,0,0,0,4,0,2,0,2,0
Opencast :: jacoco-reports/opencast-userdirectory-brightspace,org.opencastproject.userdirectory.brightspace.client.api,PagingInfo,15,0,0,0,6,0,3,0,3,0
Opencast :: jacoco-reports/opencast-userdirectory-brightspace,org.opencastproject.userdirectory.brightspace.client.api,BrightspaceUser,93,0,0,0,31,0,16,0,16,0
Opencast :: jacoco-reports/opencast-userdirectory-brightspace,org.opencastproject.userdirectory.brightspace.client.api,OrgUnit,27,0,0,0,10,0,5,0,5,0
Opencast :: jacoco-reports/opencast-userdirectory-brightspace,org.opencastproject.userdirectory.brightspace.client.api,OrgUnitItem,15,0,0,0,6,0,3,0,3,0
Opencast :: jacoco-reports/opencast-userdirectory-brightspace,org.opencastproject.userdirectory.brightspace.client.api,Type,21,0,0,0,8,0,4,0,4,0
Opencast :: jacoco-reports/opencast-userdirectory-brightspace,org.opencastproject.userdirectory.brightspace.client.api,Role,21,0,0,0,8,0,4,0,4,0
Opencast :: jacoco-reports/opencast-userdirectory-brightspace,org.opencastproject.userdirectory.brightspace.client.api,UsersResponse,15,0,0,0,6,0,3,0,3,0
Opencast :: jacoco-reports/opencast-userdirectory-brightspace,org.opencastproject.userdirectory.brightspace.client.api,OrgUnitResponse,15,0,0,0,6,0,3,0,3,0
Opencast :: jacoco-reports/opencast-userdirectory-brightspace,org.opencastproject.userdirectory.brightspace.client.api,Activation,9,0,0,0,4,0,2,0,2,0
Opencast :: jacoco-reports/opencast-userdirectory-canvas,org.opencastproject.userdirectory.canvas,CanvasUserRoleProvider.new CacheLoader() {...},19,0,2,0,3,0,3,0,2,0
Opencast :: jacoco-reports/opencast-userdirectory-canvas,org.opencastproject.userdirectory.canvas,CanvasUserRoleProvider,909,0,60,0,197,0,57,0,27,0
Opencast :: jacoco-reports/opencast-userdirectory-ldap,org.opencastproject.userdirectory.ldap,OpencastUserDetails.Essence,147,0,6,0,45,0,20,0,17,0
Opencast :: jacoco-reports/opencast-userdirectory-ldap,org.opencastproject.userdirectory.ldap,LdapUserProviderFactory,591,0,48,0,124,0,40,0,16,0
Opencast :: jacoco-reports/opencast-userdirectory-ldap,org.opencastproject.userdirectory.ldap,OpencastLdapAuthoritiesPopulator,74,695,11,77,17,149,16,56,7,21
Opencast :: jacoco-reports/opencast-userdirectory-ldap,org.opencastproject.userdirectory.ldap,LdapUserProviderInstance.new CacheLoader() {...},19,0,2,0,3,0,3,0,2,0
Opencast :: jacoco-reports/opencast-userdirectory-ldap,org.opencastproject.userdirectory.ldap,OpencastUserDetails,189,0,8,0,44,0,18,0,14,0
Opencast :: jacoco-reports/opencast-userdirectory-ldap,org.opencastproject.userdirectory.ldap,OpencastUserDetailsContextMapper,110,0,4,0,24,0,7,0,5,0
Opencast :: jacoco-reports/opencast-userdirectory-ldap,org.opencastproject.userdirectory.ldap,LdapUserProviderInstance,331,0,20,0,83,0,21,0,11,0
Opencast :: jacoco-reports/opencast-userdirectory-moodle,org.opencastproject.userdirectory.moodle,MoodleUser,150,0,18,0,29,0,25,0,16,0
Opencast :: jacoco-reports/opencast-userdirectory-moodle,org.opencastproject.userdirectory.moodle,MoodleUserProviderInstance.new CacheLoader() {...},19,0,2,0,3,0,3,0,2,0
Opencast :: jacoco-reports/opencast-userdirectory-moodle,org.opencastproject.userdirectory.moodle,MoodleUserProviderFactory,259,0,14,0,63,0,14,0,7,0
Opencast :: jacoco-reports/opencast-userdirectory-moodle,org.opencastproject.userdirectory.moodle,MoodleWebService.CoreUserGetUserByFieldFilters,45,0,0,0,2,0,1,0,1,0
Opencast :: jacoco-reports/opencast-userdirectory-moodle,org.opencastproject.userdirectory.moodle,MoodleWebServiceImpl,365,0,38,0,77,0,28,0,9,0
Opencast :: jacoco-reports/opencast-userdirectory-moodle,org.opencastproject.userdirectory.moodle,MoodleWebServiceException,4,0,0,0,2,0,1,0,1,0
Opencast :: jacoco-reports/opencast-userdirectory-moodle,org.opencastproject.userdirectory.moodle,MoodleUserProviderInstance,689,0,76,0,156,0,52,0,14,0
Opencast :: jacoco-reports/opencast-userdirectory-sakai,org.opencastproject.userdirectory.sakai,SakaiUserProviderFactory,260,0,18,0,66,0,16,0,7,0
Opencast :: jacoco-reports/opencast-userdirectory-sakai,org.opencastproject.userdirectory.sakai,SakaiUserProviderInstance.new CacheLoader() {...},19,0,2,0,3,0,3,0,2,0
Opencast :: jacoco-reports/opencast-userdirectory-sakai,org.opencastproject.userdirectory.sakai,SakaiUserProviderInstance,1055,0,84,0,238,0,60,0,18,0
Opencast :: jacoco-reports/opencast-userdirectory-studip,org.opencastproject.userdirectory.studip,StudipUserProviderInstance,576,0,48,0,126,0,37,0,13,0
Opencast :: jacoco-reports/opencast-userdirectory-studip,org.opencastproject.userdirectory.studip,StudipUserProviderFactory,222,0,18,0,58,0,16,0,7,0
Opencast :: jacoco-reports/opencast-userdirectory-studip,org.opencastproject.userdirectory.studip,StudipUserProviderInstance.new CacheLoader() {...},19,0,2,0,3,0,3,0,2,0
Opencast :: jacoco-reports/opencast-user-interface-configuration,org.opencastproject.uiconfig,UIConfigRest,0,216,0,10,0,40,0,10,0,5
Opencast :: jacoco-reports/opencast-usertracking-api,org.opencastproject.usertracking.api,UserTrackingException,4,0,0,0,2,0,1,0,1,0
Opencast :: jacoco-reports/opencast-usertracking-impl,org.opencastproject.usertracking.endpoint,FootprintsListImpl,0,26,0,0,0,8,0,4,0,4
Opencast :: jacoco-reports/opencast-usertracking-impl,org.opencastproject.usertracking.endpoint,ReportItemImpl,3,21,0,0,1,10,1,6,1,6
Opencast :: jacoco-reports/opencast-usertracking-impl,org.opencastproject.usertracking.endpoint,StatsImpl,17,0,0,0,8,0,5,0,5,0
Opencast :: jacoco-reports/opencast-usertracking-impl,org.opencastproject.usertracking.endpoint,ReportImpl,26,59,0,0,12,17,7,9,7,9
Opencast :: jacoco-reports/opencast-usertracking-impl,org.opencastproject.usertracking.endpoint,FootprintImpl,0,17,0,0,0,8,0,5,0,5
Opencast :: jacoco-reports/opencast-usertracking-impl,org.opencastproject.usertracking.endpoint,UserTrackingRestService,493,0,46,0,121,0,40,0,17,0
Opencast :: jacoco-reports/opencast-usertracking-impl,org.opencastproject.usertracking.impl,UserSessionImpl,7,24,0,0,3,11,2,7,2,7
Opencast :: jacoco-reports/opencast-usertracking-impl,org.opencastproject.usertracking.impl,UserActionImpl,0,80,0,0,0,32,0,19,0,19
Opencast :: jacoco-reports/opencast-usertracking-impl,org.opencastproject.usertracking.impl,UserTrackingServiceImpl,73,1167,19,51,17,289,16,60,0,41
Opencast :: jacoco-reports/opencast-usertracking-impl,org.opencastproject.usertracking.impl,UserActionListImpl,0,74,0,4,0,23,0,12,0,10
Opencast :: jacoco-reports/opencast-videoeditor-api,org.opencastproject.videoeditor.api,ProcessFailedException,9,0,0,0,4,0,2,0,2,0
Opencast :: jacoco-reports/opencast-videoeditor-ffmpeg-impl,org.opencastproject.videoeditor.ffmpeg,FFmpegEdit,48,475,21,37,11,112,20,17,0,8
Opencast :: jacoco-reports/opencast-videoeditor-ffmpeg-impl,org.opencastproject.videoeditor.endpoint,VideoEditorServiceEndpoint,53,0,2,0,16,0,8,0,7,0
Opencast :: jacoco-reports/opencast-videoeditor-ffmpeg-impl,org.opencastproject.videoeditor.impl,VideoClip,13,46,0,0,4,13,3,8,3,8
Opencast :: jacoco-reports/opencast-videoeditor-ffmpeg-impl,org.opencastproject.videoeditor.impl,VideoEditorServiceImpl,458,810,41,69,113,182,41,36,9,13
Opencast :: jacoco-reports/opencast-videoeditor-ffmpeg-impl,org.opencastproject.videoeditor.impl,VideoEditorServiceImpl.Operation,0,9,0,0,0,2,0,1,0,1
Opencast :: jacoco-reports/opencast-videoeditor-remote,org.opencastproject.videoeditor.remote,VideoEditorServiceRemote,115,0,6,0,33,0,8,0,5,0
Opencast :: jacoco-reports/opencast-videoeditor-workflowoperation,org.opencastproject.workflow.handler.videoeditor,SilenceDetectionWorkflowOperationHandler,347,279,29,21,66,68,27,10,5,7
Opencast :: jacoco-reports/opencast-videoeditor-workflowoperation,org.opencastproject.workflow.handler.videoeditor,VideoEditorWorkflowOperationHandler,536,856,65,66,108,209,56,22,2,10
Opencast :: jacoco-reports/opencast-videogrid-remote,org.opencastproject.videogrid.remote,VideoGridServiceRemoteImpl,105,0,2,0,29,0,6,0,5,0
Opencast :: jacoco-reports/opencast-videogrid-service-api,org.opencastproject.videogrid.api,VideoGridServiceException,16,0,0,0,8,0,4,0,4,0
Opencast :: jacoco-reports/opencast-videogrid-service-impl,org.opencastproject.videogrid.endpoint,VideoGridServiceEndpoint.new TypeToken() {...},3,0,0,0,1,0,1,0,1,0
Opencast :: jacoco-reports/opencast-videogrid-service-impl,org.opencastproject.videogrid.endpoint,VideoGridServiceEndpoint,90,0,2,0,24,0,8,0,7,0
Opencast :: jacoco-reports/opencast-videogrid-service-impl,org.opencastproject.videogrid.impl,VideoGridServiceImpl.new TypeToken() {...},0,3,0,0,0,1,0,1,0,1
Opencast :: jacoco-reports/opencast-videogrid-service-impl,org.opencastproject.videogrid.impl,VideoGridServiceImpl,236,270,10,12,55,54,18,10,11,6
Opencast :: jacoco-reports/opencast-videogrid-service-impl,org.opencastproject.videogrid.impl,VideoGridServiceImpl.new TypeToken() {...},0,3,0,0,0,1,0,1,0,1
Opencast :: jacoco-reports/opencast-videogrid-workflowoperation,org.opencastproject.workflow.handler.videogrid,VideoGridWorkflowOperationHandler.Offset,14,15,0,0,6,6,4,1,4,1
Opencast :: jacoco-reports/opencast-videogrid-workflowoperation,org.opencastproject.workflow.handler.videogrid,VideoGridWorkflowOperationHandler.new TypeToken() {...},0,3,0,0,0,1,0,1,0,1
Opencast :: jacoco-reports/opencast-videogrid-workflowoperation,org.opencastproject.workflow.handler.videogrid,VideoGridWorkflowOperationHandler.VideoInfo,32,51,0,0,14,15,9,4,9,4
Opencast :: jacoco-reports/opencast-videogrid-workflowoperation,org.opencastproject.workflow.handler.videogrid,VideoGridWorkflowOperationHandler.EditDecisionListSection,18,17,0,0,8,6,5,2,5,2
Opencast :: jacoco-reports/opencast-videogrid-workflowoperation,org.opencastproject.workflow.handler.videogrid,VideoGridWorkflowOperationHandler.LayoutArea,36,51,0,0,16,18,10,4,10,4
Opencast :: jacoco-reports/opencast-videogrid-workflowoperation,org.opencastproject.workflow.handler.videogrid,VideoGridWorkflowOperationHandler.StartStopEvent,21,21,0,0,9,7,6,2,6,2
Opencast :: jacoco-reports/opencast-videogrid-workflowoperation,org.opencastproject.workflow.handler.videogrid,VideoGridWorkflowOperationHandler,259,1788,28,74,53,293,29,41,2,17
Opencast :: jacoco-reports/opencast-videosegmenter-api,org.opencastproject.videosegmenter.api,VideoSegmenterException,13,0,0,0,6,0,3,0,3,0
Opencast :: jacoco-reports/opencast-videosegmenter-ffmpeg,org.opencastproject.videosegmenter.ffmpeg,VideoSegmenterServiceImpl.Operation,0,9,0,0,0,2,0,1,0,1
Opencast :: jacoco-reports/opencast-videosegmenter-ffmpeg,org.opencastproject.videosegmenter.ffmpeg,VideoSegmenterServiceImpl,1362,1309,144,70,308,279,92,42,9,18
Opencast :: jacoco-reports/opencast-videosegmenter-ffmpeg,org.opencastproject.videosegmenter.ffmpeg,OptimizationStep,13,125,2,10,5,37,5,13,3,9
Opencast :: jacoco-reports/opencast-videosegmenter-ffmpeg,org.opencastproject.videosegmenter.ffmpeg,VideoSegmenterServiceImpl.Chapter,3,0,0,0,1,0,1,0,1,0
Opencast :: jacoco-reports/opencast-videosegmenter-ffmpeg,org.opencastproject.videosegmenter.ffmpeg.endpoint,VideoSegmenterRestEndpoint,81,0,6,0,22,0,11,0,8,0
Opencast :: jacoco-reports/opencast-videosegmenter-remote,org.opencastproject.videosegmenter.remote,VideoSegmenterRemoteImpl,87,0,2,0,24,0,6,0,5,0
Opencast :: jacoco-reports/opencast-videosegmenter-workflowoperation,org.opencastproject.workflow.handler.videosegmenter,VideoSegmenterWorkflowOperationHandler,224,0,20,0,50,0,17,0,7,0
Opencast :: jacoco-reports/opencast-waveform-api,org.opencastproject.waveform.api,WaveformServiceException,13,0,0,0,6,0,3,0,3,0
Opencast :: jacoco-reports/opencast-waveform-ffmpeg,org.opencastproject.waveform.endpoint,WaveformServiceEndpoint,84,0,4,0,22,0,9,0,7,0
Opencast :: jacoco-reports/opencast-waveform-ffmpeg,org.opencastproject.waveform.ffmpeg,WaveformServiceImpl,231,587,30,28,55,137,36,11,8,10
Opencast :: jacoco-reports/opencast-waveform-ffmpeg,org.opencastproject.waveform.ffmpeg,WaveformServiceImpl.Operation,0,9,0,0,0,2,0,1,0,1
Opencast :: jacoco-reports/opencast-waveform-remote,org.opencastproject.waveform.remote,WaveformServiceRemote,132,0,2,0,29,0,6,0,5,0
Opencast :: jacoco-reports/opencast-waveform-workflowoperation,org.opencastproject.workflow.handler.waveform,WaveformWorkflowOperationHandler,85,317,6,18,23,70,8,11,2,5
Opencast :: jacoco-reports/opencast-workflow-condition-parser,org.opencastproject.workflow.conditionparser,ComparisonOperator,4,55,2,4,2,7,2,5,0,2
Opencast :: jacoco-reports/opencast-workflow-condition-parser,org.opencastproject.workflow.conditionparser,Atom,106,118,21,13,17,24,16,12,2,8
Opencast :: jacoco-reports/opencast-workflow-condition-parser,org.opencastproject.workflow.conditionparser,NumericalOperator,4,39,2,2,2,5,2,3,0,2
Opencast :: jacoco-reports/opencast-workflow-condition-parser,org.opencastproject.workflow.conditionparser,WorkflowConditionBooleanInterpreter,59,203,19,31,9,35,17,19,2,7
Opencast :: jacoco-reports/opencast-workflow-condition-parser,org.opencastproject.workflow.conditionparser,WorkflowConditionInterpreter,0,248,2,28,0,72,2,19,0,6
Opencast :: jacoco-reports/opencast-workflow-condition-parser,org.opencastproject.workflow.conditionparser,WorkflowConditionInterpreter.new BaseErrorListener() {...},8,3,0,0,1,1,1,1,1,1
Opencast :: jacoco-reports/opencast-workflow-condition-parser,org.opencastproject.workflow.conditionparser.antlr,WorkflowConditionParser.RelationContext,34,16,6,0,8,4,8,3,5,3
Opencast :: jacoco-reports/opencast-workflow-condition-parser,org.opencastproject.workflow.conditionparser.antlr,WorkflowConditionParser,167,580,7,21,52,125,12,22,5,12
Opencast :: jacoco-reports/opencast-workflow-condition-parser,org.opencastproject.workflow.conditionparser.antlr,WorkflowConditionParser.BooleanExpressionContext,27,25,5,1,7,5,7,4,4,4
Opencast :: jacoco-reports/opencast-workflow-condition-parser,org.opencastproject.workflow.conditionparser.antlr,WorkflowConditionParser.BooleanTermContext,27,25,5,1,7,5,7,4,4,4
Opencast :: jacoco-reports/opencast-workflow-condition-parser,org.opencastproject.workflow.conditionparser.antlr,WorkflowConditionBaseVisitor,24,3,0,0,6,1,6,1,6,1
Opencast :: jacoco-reports/opencast-workflow-condition-parser,org.opencastproject.workflow.conditionparser.antlr,WorkflowConditionParser.BooleanValueContext,27,34,5,1,7,7,7,6,4,6
Opencast :: jacoco-reports/opencast-workflow-condition-parser,org.opencastproject.workflow.conditionparser.antlr,WorkflowConditionLexer,16,241,0,8,8,27,8,9,8,5
Opencast :: jacoco-reports/opencast-workflow-condition-parser,org.opencastproject.workflow.conditionparser.antlr,WorkflowConditionParser.AtomContext,41,15,6,0,9,4,9,3,6,3
Opencast :: jacoco-reports/opencast-workflow-condition-parser,org.opencastproject.workflow.conditionparser.antlr,WorkflowConditionBaseListener,19,0,0,0,17,0,17,0,17,0
Opencast :: jacoco-reports/opencast-workflow-condition-parser,org.opencastproject.workflow.conditionparser.antlr,WorkflowConditionParser.RelationOperandContext,34,20,6,0,8,5,8,4,5,4
Opencast :: jacoco-reports/opencast-workflow-service-api,org.opencastproject.workflow.api,WorkflowOperationResult.Action,0,21,0,0,0,2,0,1,0,1
Opencast :: jacoco-reports/opencast-workflow-service-api,org.opencastproject.workflow.api,WorkflowServiceDatabaseImpl,227,322,5,5,50,60,10,18,6,17
Opencast :: jacoco-reports/opencast-workflow-service-api,org.opencastproject.workflow.api,WorkflowOperationInstance.OperationState,0,45,0,0,0,2,0,1,0,1
Opencast :: jacoco-reports/opencast-workflow-service-api,org.opencastproject.workflow.api,WorkflowOperationDefinitionImpl.Adapter,0,8,0,0,0,3,0,3,0,3
Opencast :: jacoco-reports/opencast-workflow-service-api,org.opencastproject.workflow.api,RetryStrategy,0,21,0,0,0,4,0,1,0,1
Opencast :: jacoco-reports/opencast-workflow-service-api,org.opencastproject.workflow.api,JaxbWorkflowOperationInstance.DateAdapter,4,17,2,2,0,3,2,3,0,3
Opencast :: jacoco-reports/opencast-workflow-service-api,org.opencastproject.workflow.api,ConfiguredWorkflow,6,27,0,0,1,8,1,5,1,5
Opencast :: jacoco-reports/opencast-workflow-service-api,org.opencastproject.workflow.api,WorkflowOperationInstance,23,367,9,31,8,116,9,55,2,42
Opencast :: jacoco-reports/opencast-workflow-service-api,org.opencastproject.workflow.api,AbstractWorkflowOperationHandler.Configuration,0,27,0,0,0,2,0,1,0,1
Opencast :: jacoco-reports/opencast-workflow-service-api,org.opencastproject.workflow.api,XmlWorkflowParser,100,97,2,0,25,26,3,8,2,8
Opencast :: jacoco-reports/opencast-workflow-service-api,org.opencastproject.workflow.api,WorkflowStateMappingImpl,30,3,0,0,11,2,6,1,6,1
Opencast :: jacoco-reports/opencast-workflow-service-api,org.opencastproject.workflow.api,WorkflowOperationResultImpl,25,47,2,2,10,18,6,8,4,8
Opencast :: jacoco-reports/opencast-workflow-service-api,org.opencastproject.workflow.api,WorkflowIdentifier,39,51,7,5,8,9,10,3,4,3
Opencast :: jacoco-reports/opencast-workflow-service-api,org.opencastproject.workflow.api,WorkflowListener,2,0,0,0,2,0,2,0,2,0
Opencast :: jacoco-reports/opencast-workflow-service-api,org.opencastproject.workflow.api,WorkflowDefinitionImpl.Adapter,8,0,0,0,3,0,3,0,3,0
Opencast :: jacoco-reports/opencast-workflow-service-api,org.opencastproject.workflow.api,WorkflowStateListener,88,162,9,9,16,35,10,10,3,8
Opencast :: jacoco-reports/opencast-workflow-service-api,org.opencastproject.workflow.api,WorkflowInstance.WorkflowState.Adapter,4,15,2,2,0,3,2,3,0,3
Opencast :: jacoco-reports/opencast-workflow-service-api,org.opencastproject.workflow.api,JaxbWorkflowInstance,151,158,6,4,37,35,6,6,3,4
Opencast :: jacoco-reports/opencast-workflow-service-api,org.opencastproject.workflow.api,WorkflowParsingException,8,0,0,0,4,0,2,0,2,0
Opencast :: jacoco-reports/opencast-workflow-service-api,org.opencastproject.workflow.api,WorkflowOperationDefinitionImpl,95,111,19,9,32,35,20,17,9,14
Opencast :: jacoco-reports/opencast-workflow-service-api,org.opencastproject.workflow.api,WorkflowDefinitionSet,29,0,2,0,11,0,5,0,4,0
Opencast :: jacoco-reports/opencast-workflow-service-api,org.opencastproject.workflow.api,ConfiguredTagsAndFlavors.TargetTags,0,39,0,0,0,13,0,5,0,5
Opencast :: jacoco-reports/opencast-workflow-service-api,org.opencastproject.workflow.api,RetryStrategy.Adapter,2,17,1,3,0,3,1,4,0,3
Opencast :: jacoco-reports/opencast-workflow-service-api,org.opencastproject.workflow.api,WorkflowStateException,0,7,0,0,0,4,0,2,0,2
Opencast :: jacoco-reports/opencast-workflow-service-api,org.opencastproject.workflow.api,WorkflowDefinitionImpl,127,163,27,19,33,51,27,26,9,21
Opencast :: jacoco-reports/opencast-workflow-service-api,org.opencastproject.workflow.api,WorkflowSetImpl,44,25,5,3,12,8,6,3,3,2
Opencast :: jacoco-reports/opencast-workflow-service-api,org.opencastproject.workflow.api,JaxbWorkflowConfiguration,47,35,13,1,17,12,10,5,3,5
Opencast :: jacoco-reports/opencast-workflow-service-api,org.opencastproject.workflow.api,WorkflowIndexData,36,0,0,0,14,0,7,0,7,0
Opencast :: jacoco-reports/opencast-workflow-service-api,org.opencastproject.workflow.api,WorkflowDatabaseException,13,3,0,0,6,2,3,1,3,1
Opencast :: jacoco-reports/opencast-workflow-service-api,org.opencastproject.workflow.api,WorkflowUtil,17,5,7,1,3,1,5,1,1,1
Opencast :: jacoco-reports/opencast-workflow-service-api,org.opencastproject.workflow.api,WorkflowOperationException,0,13,0,0,0,6,0,3,0,3
Opencast :: jacoco-reports/opencast-workflow-service-api,org.opencastproject.workflow.api,WorkflowStateMappingImpl.Adapter,0,8,0,0,0,3,0,3,0,3
Opencast :: jacoco-reports/opencast-workflow-service-api,org.opencastproject.workflow.api,YamlWorkflowConfigurationSerializer,7,8,0,0,2,4,1,2,1,2
Opencast :: jacoco-reports/opencast-workflow-service-api,org.opencastproject.workflow.api,YamlWorkflowConfigurationDeserializer,2,35,1,1,1,9,1,3,0,3
Opencast :: jacoco-reports/opencast-workflow-service-api,org.opencastproject.workflow.api,ConfiguredTagsAndFlavors,70,133,12,4,15,32,10,13,2,13
Opencast :: jacoco-reports/opencast-workflow-service-api,org.opencastproject.workflow.api,WorkflowOperationAbortedException,0,4,0,0,0,2,0,1,0,1
Opencast :: jacoco-reports/opencast-workflow-service-api,org.opencastproject.workflow.api,YamlWorkflowParser,95,49,0,0,24,10,7,2,7,2
Opencast :: jacoco-reports/opencast-workflow-service-api,org.opencastproject.workflow.api,WorkflowException,9,7,0,0,4,4,2,2,2,2
Opencast :: jacoco-reports/opencast-workflow-service-api,org.opencastproject.workflow.api,WorkflowInstance,73,451,16,48,21,122,16,54,4,34
Opencast :: jacoco-reports/opencast-workflow-service-api,org.opencastproject.workflow.api,WorkflowSetImpl.Adapter,8,0,0,0,3,0,3,0,3,0
Opencast :: jacoco-reports/opencast-workflow-service-api,org.opencastproject.workflow.api,WorkflowInstance.WorkflowState,0,52,0,2,0,5,0,3,0,2
Opencast :: jacoco-reports/opencast-workflow-service-api,org.opencastproject.workflow.api,JaxbWorkflowOperationInstance,165,155,6,2,43,33,5,5,2,4
Opencast :: jacoco-reports/opencast-workflow-service-api,org.opencastproject.workflow.api,AbstractWorkflowOperationHandler,274,583,47,52,59,143,39,52,6,28
Opencast :: jacoco-reports/opencast-workflow-service-impl,org.opencastproject.workflow.endpoint,WorkflowRestService,610,41,33,1,156,12,43,5,26,5
Opencast :: jacoco-reports/opencast-workflow-service-impl,org.opencastproject.workflow.impl,WorkflowCleanupScanner.Runner,44,0,2,0,9,0,4,0,3,0
Opencast :: jacoco-reports/opencast-workflow-service-impl,org.opencastproject.workflow.impl,WorkflowServiceImpl.Operation,0,21,0,0,0,2,0,1,0,1
Opencast :: jacoco-reports/opencast-workflow-service-impl,org.opencastproject.workflow.impl,WorkflowServiceImpl.JobRunner,0,70,0,0,0,15,0,2,0,2
Opencast :: jacoco-reports/opencast-workflow-service-impl,org.opencastproject.workflow.impl,WorkflowDefinitionScanner,457,62,45,3,89,15,43,5,19,5
Opencast :: jacoco-reports/opencast-workflow-service-impl,org.opencastproject.workflow.impl,WorkflowOperationWorker,120,289,13,24,22,77,13,14,1,7
Opencast :: jacoco-reports/opencast-workflow-service-impl,org.opencastproject.workflow.impl,AbstractWorkflowBufferScanner,10,0,0,0,4,0,3,0,3,0
Opencast :: jacoco-reports/opencast-workflow-service-impl,org.opencastproject.workflow.impl,WorkflowFilenameFilter,28,0,4,0,6,0,5,0,3,0
Opencast :: jacoco-reports/opencast-workflow-service-impl,org.opencastproject.workflow.impl,WorkflowCleanupScanner,319,0,14,0,104,0,22,0,15,0
Opencast :: jacoco-reports/opencast-workflow-service-impl,org.opencastproject.workflow.impl,WorkflowServiceImpl.HandlerRegistration,46,35,10,2,13,11,8,2,2,2
Opencast :: jacoco-reports/opencast-workflow-service-impl,org.opencastproject.workflow.impl,WorkflowServiceImpl,1690,2173,161,181,402,549,137,123,21,59
Opencast :: jacoco-reports/opencast-workflow-service-remote,org.opencastproject.workflow.remote,WorkflowServiceRemoteImpl,1187,0,72,0,254,0,64,0,28,0
Opencast :: jacoco-reports/opencast-workflow-workflowoperation,org.opencastproject.workflow.handler.workflow,AddCatalogWorkflowOperationHandler,18,137,0,8,6,35,0,9,0,5
Opencast :: jacoco-reports/opencast-workflow-workflowoperation,org.opencastproject.workflow.handler.workflow,CloneWorkflowOperationHandler,30,200,1,11,8,47,2,10,1,5
Opencast :: jacoco-reports/opencast-workflow-workflowoperation,org.opencastproject.workflow.handler.workflow,ZipWorkflowOperationHandler,124,360,7,21,30,86,8,13,2,5
Opencast :: jacoco-reports/opencast-workflow-workflowoperation,org.opencastproject.workflow.handler.workflow,SeriesWorkflowOperationHandler,89,539,7,45,28,110,9,30,2,11
Opencast :: jacoco-reports/opencast-workflow-workflowoperation,org.opencastproject.workflow.handler.workflow,IncludeWorkflowOperationHandler,93,0,4,0,25,0,9,0,7,0
Opencast :: jacoco-reports/opencast-workflow-workflowoperation,org.opencastproject.workflow.handler.workflow,ImportWorkflowPropertiesWOH,20,142,3,5,6,31,3,8,0,7
Opencast :: jacoco-reports/opencast-workflow-workflowoperation,org.opencastproject.workflow.handler.workflow,DuplicateEventWorkflowOperationHandler,313,749,37,43,67,172,30,26,2,14
Opencast :: jacoco-reports/opencast-workflow-workflowoperation,org.opencastproject.workflow.handler.workflow,WebvttToCutMarksWorkflowOperationHandler,617,0,48,0,147,0,37,0,13,0
Opencast :: jacoco-reports/opencast-workflow-workflowoperation,org.opencastproject.workflow.handler.workflow,TransferMetadataWorkflowOperationHandler.Metadata.NoMetadataFoundException,0,6,0,0,0,1,0,1,0,1
Opencast :: jacoco-reports/opencast-workflow-workflowoperation,org.opencastproject.workflow.handler.workflow,ExportWorkflowPropertiesWOH,18,230,4,10,4,52,4,9,0,6
Opencast :: jacoco-reports/opencast-workflow-workflowoperation,org.opencastproject.workflow.handler.workflow,PublicationChannelToWorkspace,253,0,16,0,58,0,15,0,7,0
Opencast :: jacoco-reports/opencast-workflow-workflowoperation,org.opencastproject.workflow.handler.workflow,TransferMetadataWorkflowOperationHandler,47,117,3,5,13,28,3,5,0,4
Opencast :: jacoco-reports/opencast-workflow-workflowoperation,org.opencastproject.workflow.handler.workflow,TransferMetadataWorkflowOperationHandler.Configuration,0,51,0,0,0,13,0,3,0,3
Opencast :: jacoco-reports/opencast-workflow-workflowoperation,org.opencastproject.workflow.handler.workflow,ErrorResolutionWorkflowOperationHandler,58,45,2,3,16,10,5,4,3,3
Opencast :: jacoco-reports/opencast-workflow-workflowoperation,org.opencastproject.workflow.handler.workflow,TagByDublinCoreTermWOH,37,199,8,20,9,47,8,10,0,4
Opencast :: jacoco-reports/opencast-workflow-workflowoperation,org.opencastproject.workflow.handler.workflow,AnalyzeTracksWorkflowOperationHandler,11,278,3,19,1,50,3,14,0,6
Opencast :: jacoco-reports/opencast-workflow-workflowoperation,org.opencastproject.workflow.handler.workflow,TransferMetadataWorkflowOperationHandler.Metadata,4,71,1,3,1,14,1,3,0,2
Opencast :: jacoco-reports/opencast-workflow-workflowoperation,org.opencastproject.workflow.handler.workflow,TagWorkflowOperationHandler,32,148,5,15,11,38,7,8,2,3
Opencast :: jacoco-reports/opencast-workflow-workflowoperation,org.opencastproject.workflow.handler.workflow,ConditionalConfigWorkflowOperationHandler,67,153,4,8,13,29,5,6,1,4
Opencast :: jacoco-reports/opencast-workflow-workflowoperation,org.opencastproject.workflow.handler.workflow,ResumableWorkflowOperationHandlerBase,106,19,8,0,28,6,12,2,8,2
Opencast :: jacoco-reports/opencast-workflow-workflowoperation,org.opencastproject.workflow.handler.workflow,CopyWorkflowOperationHandler,76,290,5,21,15,63,6,13,1,5
Opencast :: jacoco-reports/opencast-workflow-workflowoperation,org.opencastproject.workflow.handler.workflow,ProbeResolutionWorkflowOperationHandler,0,274,2,28,0,50,2,18,0,5
Opencast :: jacoco-reports/opencast-workflow-workflowoperation,org.opencastproject.workflow.handler.workflow,StartWorkflowWorkflowOperationHandler,42,164,6,14,12,38,5,10,0,5
Opencast :: jacoco-reports/opencast-workflow-workflowoperation,org.opencastproject.workflow.handler.workflow,CleanupWorkflowOperationHandler,137,409,16,36,33,91,14,22,0,10
Opencast :: jacoco-reports/opencast-workflow-workflowoperation,org.opencastproject.workflow.handler.workflow,ChangeTypeWorkflowOperationHandler,54,218,4,20,10,46,5,11,1,3
Opencast :: jacoco-reports/opencast-workflow-workflowoperation,org.opencastproject.workflow.handler.workflow,ConfigureByDublinCoreTermWOH,4,183,3,21,0,36,3,13,0,4
Opencast :: jacoco-reports/opencast-workflow-workflowoperation,org.opencastproject.workflow.handler.workflow,AssertWorkflowOperationHandler,28,112,1,11,5,18,2,9,1,4
Opencast :: jacoco-reports/opencast-workflow-workflowoperation,org.opencastproject.workflow.handler.workflow,DefaultsWorkflowOperationHandler,4,125,0,4,2,21,1,5,1,3
Opencast :: jacoco-reports/opencast-workflow-workflowoperation,org.opencastproject.workflow.handler.workflow,WebvttToCutMarksWorkflowOperationHandler.Treatment,21,0,0,0,4,0,1,0,1,0
Opencast :: jacoco-reports/opencast-workflow-workflowoperation,org.opencastproject.workflow.handler.workflow,DuplicateEventWorkflowOperationHandler.SeriesInformation,12,0,0,0,5,0,1,0,1,0
Opencast :: jacoco-reports/opencast-workflow-workflowoperation,org.opencastproject.workflow.handler.workflow,AddCatalogWorkflowOperationHandler.CatalogTypeCollisionBehavior,0,21,0,0,0,2,0,1,0,1
Opencast :: jacoco-reports/opencast-working-file-repository-service-impl,org.opencastproject.workingfilerepository.impl,WorkingFileRepositoryCleaner,208,0,16,0,64,0,14,0,6,0
Opencast :: jacoco-reports/opencast-working-file-repository-service-impl,org.opencastproject.workingfilerepository.impl,WorkingFileRepositoryRestEndpoint,583,56,31,1,108,17,35,5,19,5
Opencast :: jacoco-reports/opencast-working-file-repository-service-impl,org.opencastproject.workingfilerepository.impl,WorkingFileRepositoryImpl.new FilenameFilter() {...},0,7,0,0,0,2,0,2,0,2
Opencast :: jacoco-reports/opencast-working-file-repository-service-impl,org.opencastproject.workingfilerepository.impl,WorkingFileRepositoryCleaner.Runner,29,0,0,0,11,0,3,0,3,0
Opencast :: jacoco-reports/opencast-working-file-repository-service-impl,org.opencastproject.workingfilerepository.impl,WorkingFileRepositoryImpl,771,1023,85,65,188,231,72,44,11,30
Opencast :: jacoco-reports/opencast-workspace-impl,org.opencastproject.workspace.impl,WorkspaceCleaner.Runner,32,0,0,0,10,0,3,0,3,0
Opencast :: jacoco-reports/opencast-workspace-impl,org.opencastproject.workspace.impl,WorkspaceCleaner,148,0,8,0,46,0,11,0,7,0
Opencast :: jacoco-reports/opencast-workspace-impl,org.opencastproject.workspace.impl,WorkspaceImpl.DeleteOnCloseFileInputStream,25,0,2,0,9,0,3,0,2,0
Opencast :: jacoco-reports/opencast-workspace-impl,org.opencastproject.workspace.impl,WorkspaceImpl,1230,526,94,31,252,131,85,27,25,23
